#
# There is insufficient memory for the Java Runtime Environment to continue.
# Native memory allocation (malloc) failed to allocate 1254736 bytes for Chunk::new
# Possible reasons:
#   The system is out of physical RAM or swap space
#   The process is running with CompressedOops enabled, and the Java Heap may be blocking the growth of the native heap
# Possible solutions:
#   Reduce memory load on the system
#   Increase physical memory or swap space
#   Check if swap backing store is full
#   Decrease Java heap size (-Xmx/-Xms)
#   Decrease number of Java threads
#   Decrease Java thread stack sizes (-Xss)
#   Set larger code cache with -XX:ReservedCodeCacheSize=
#   JVM is running with Unscaled Compressed Oops mode in which the Java heap is
#     placed in the first 4GB address space. The Java Heap base address is the
#     maximum limit for the native heap growth. Please use -XX:HeapBaseMinAddress
#     to set the Java Heap base and to place the Java Heap above 4GB virtual address.
# This output file may be truncated or incomplete.
#
#  Out of Memory Error (arena.cpp:189), pid=18032, tid=16100
#
# JRE version: Java(TM) SE Runtime Environment (17.0.11+7) (build 17.0.11+7-LTS-207)
# Java VM: Java HotSpot(TM) 64-Bit Server VM (17.0.11+7-LTS-207, mixed mode, sharing, tiered, compressed oops, compressed class ptrs, g1 gc, windows-amd64)
# No core dump will be written. Minidumps are not enabled by default on client versions of Windows
#

---------------  S U M M A R Y ------------

Command Line: --add-opens=java.base/java.lang=ALL-UNNAMED --add-opens=java.base/java.lang.invoke=ALL-UNNAMED --add-opens=java.base/java.util=ALL-UNNAMED --add-opens=java.prefs/java.util.prefs=ALL-UNNAMED --add-exports=jdk.compiler/com.sun.tools.javac.api=ALL-UNNAMED --add-exports=jdk.compiler/com.sun.tools.javac.util=ALL-UNNAMED --add-opens=java.base/java.util=ALL-UNNAMED --add-opens=java.prefs/java.util.prefs=ALL-UNNAMED --add-opens=java.base/java.nio.charset=ALL-UNNAMED --add-opens=java.base/java.net=ALL-UNNAMED --add-opens=java.base/java.util.concurrent.atomic=ALL-UNNAMED --add-opens=java.xml/javax.xml.namespace=ALL-UNNAMED -XX:MaxMetaspaceSize=512m -Xmx2048m -Dfile.encoding=windows-1252 -Duser.country=US -Duser.language=en -Duser.variant -javaagent:C:\Users\ericy\.gradle\wrapper\dists\gradle-8.14.1-bin\baw1sv0jfoi8rxs14qo3h49cs\gradle-8.14.1\lib\agents\gradle-instrumentation-agent-8.14.1.jar org.gradle.launcher.daemon.bootstrap.GradleDaemon 8.14.1

Host: 11th Gen Intel(R) Core(TM) i5-1135G7 @ 2.40GHz, 8 cores, 7G,  Windows 11 , 64 bit Build 22621 (10.0.22621.5415)
Time: Fri Sep 26 12:40:45 2025 Caucasus Standard Time elapsed time: 37.722652 seconds (0d 0h 0m 37s)

---------------  T H R E A D  ---------------

Current thread (0x0000015f5fabbc30):  JavaThread "C2 CompilerThread0" daemon [_thread_in_native, id=16100, stack(0x00000033c4800000,0x00000033c4900000)]


Current CompileTask:
C2:  37722 15814   !   4       java.util.jar.Attributes::read (494 bytes)

Stack: [0x00000033c4800000,0x00000033c4900000]
Native frames: (J=compiled Java code, j=interpreted, Vv=VM code, C=native code)
V  [jvm.dll+0x679cca]
V  [jvm.dll+0x7da13d]
V  [jvm.dll+0x7dba83]
V  [jvm.dll+0x7dc0f3]
V  [jvm.dll+0x2449af]
V  [jvm.dll+0xab83b]
V  [jvm.dll+0xabe1c]
V  [jvm.dll+0x36155f]
V  [jvm.dll+0x32bd61]
V  [jvm.dll+0x32b1fa]
V  [jvm.dll+0x2161df]
V  [jvm.dll+0x21560f]
V  [jvm.dll+0x1a2040]
V  [jvm.dll+0x225a2b]
V  [jvm.dll+0x223bcb]
V  [jvm.dll+0x7903ec]
V  [jvm.dll+0x78a85a]
V  [jvm.dll+0x678bb5]
C  [ucrtbase.dll+0x29333]
C  [KERNEL32.DLL+0x1259d]
C  [ntdll.dll+0x5af78]


---------------  P R O C E S S  ---------------

Threads class SMR info:
_java_thread_list=0x0000015f05e08330, length=145, elements={
0x0000015f4198c8d0, 0x0000015f5fa9d050, 0x0000015f5fa9db20, 0x0000015f5faad2b0,
0x0000015f5faadd80, 0x0000015f5fab2670, 0x0000015f5fab2f40, 0x0000015f5fabbc30,
0x0000015f5face8a0, 0x0000015f5facf1b0, 0x0000015f5fa88620, 0x0000015f7f2022d0,
0x0000015f007639d0, 0x0000015f00fea450, 0x0000015f00ea9be0, 0x0000015f00f0f670,
0x0000015f00f0e740, 0x0000015f00f0ec50, 0x0000015f00f0f160, 0x0000015f00f0fb80,
0x0000015f00f0dd20, 0x0000015f00f0d810, 0x0000015f00f0c3d0, 0x0000015f00f0cdf0,
0x0000015f00f0c8e0, 0x0000015f00f0d300, 0x0000015f01fa1000, 0x0000015f01fa47b0,
0x0000015f01fa3d90, 0x0000015f01fa1510, 0x0000015f01fa3880, 0x0000015f01fa4cc0,
0x0000015f01fa1f30, 0x0000015f01fa7030, 0x0000015f01fa2440, 0x0000015f01fa51d0,
0x0000015f01fa2950, 0x0000015f01fa7a50, 0x0000015f01fa56e0, 0x0000015f01fa0af0,
0x0000015f01fa2e60, 0x0000015f01fa6100, 0x0000015f01fa6610, 0x0000015f01fa6b20,
0x0000015f01fa7540, 0x0000015f00138a20, 0x0000015f00138f30, 0x0000015f00134340,
0x0000015f00139440, 0x0000015f00134850, 0x0000015f00136bc0, 0x0000015f001361a0,
0x0000015f00138000, 0x0000015f00138510, 0x0000015f0013ad90, 0x0000015f00139950,
0x0000015f00139e60, 0x0000015f00134d60, 0x0000015f0013a370, 0x0000015f0013a880,
0x0000015f0013b2a0, 0x0000015f001370d0, 0x0000015f00133e30, 0x0000015f00135c90,
0x0000015f00135270, 0x0000015f00135780, 0x0000015f001366b0, 0x0000015f001375e0,
0x0000015f00137af0, 0x0000015f04fda660, 0x0000015f04fdb080, 0x0000015f04fdd3f0,
0x0000015f04fde320, 0x0000015f04fdb590, 0x0000015f04fdf250, 0x0000015f04fe0180,
0x0000015f04fe0ba0, 0x0000015f04fdd900, 0x0000015f04fdf760, 0x0000015f04fdde10,
0x0000015f04fdfc70, 0x0000015f04fe0690, 0x0000015f04fdab70, 0x0000015f04fdbaa0,
0x0000015f04fd9730, 0x0000015f04fde830, 0x0000015f04fe10b0, 0x0000015f04fdbfb0,
0x0000015f04fded40, 0x0000015f04fda150, 0x0000015f04fdc4c0, 0x0000015f04fdc9d0,
0x0000015f04fdcee0, 0x0000015f7f57f090, 0x0000015f7f579570, 0x0000015f7f57aec0,
0x0000015f7f57dc50, 0x0000015f7f57b3d0, 0x0000015f7f57cd20, 0x0000015f7f57bdf0,
0x0000015f7f57d230, 0x0000015f7f57fab0, 0x0000015f7f57b8e0, 0x0000015f7f5804d0,
0x0000015f7f579a80, 0x0000015f7f57d740, 0x0000015f7f57e160, 0x0000015f7f57ffc0,
0x0000015f7f579060, 0x0000015f7f57c300, 0x0000015f7f57f5a0, 0x0000015f7f5809e0,
0x0000015f7f57eb80, 0x0000015f7f57e670, 0x0000015f7f579f90, 0x0000015f7f57c810,
0x0000015f7f57a4a0, 0x0000015f7f57a9b0, 0x0000015f04e83c00, 0x0000015f04e7dbd0,
0x0000015f04e7f010, 0x0000015f04e84620, 0x0000015f04e822b0, 0x0000015f04e7eb00,
0x0000015f04e7e5f0, 0x0000015f04e7f520, 0x0000015f04e81380, 0x0000015f04e7fa30,
0x0000015f04e80e70, 0x0000015f04e81890, 0x0000015f04e7ff40, 0x0000015f04e7e0e0,
0x0000015f04e827c0, 0x0000015f04e81da0, 0x0000015f04e831e0, 0x0000015f04e82cd0,
0x0000015f04e836f0, 0x0000015f04e84110, 0x0000015f04e80450, 0x0000015f04e7d1b0,
0x0000015f04e7d6c0, 0x0000015f04e80960, 0x0000015f031045a0, 0x0000015f03103160,
0x0000015f03101300
}

Java Threads: ( => current thread )
  0x0000015f4198c8d0 JavaThread "main" [_thread_blocked, id=20588, stack(0x00000033c3b00000,0x00000033c3c00000)]
  0x0000015f5fa9d050 JavaThread "Reference Handler" daemon [_thread_blocked, id=3124, stack(0x00000033c4200000,0x00000033c4300000)]
  0x0000015f5fa9db20 JavaThread "Finalizer" daemon [_thread_blocked, id=20072, stack(0x00000033c4300000,0x00000033c4400000)]
  0x0000015f5faad2b0 JavaThread "Signal Dispatcher" daemon [_thread_blocked, id=19720, stack(0x00000033c4400000,0x00000033c4500000)]
  0x0000015f5faadd80 JavaThread "Attach Listener" daemon [_thread_blocked, id=20156, stack(0x00000033c4500000,0x00000033c4600000)]
  0x0000015f5fab2670 JavaThread "Service Thread" daemon [_thread_blocked, id=15276, stack(0x00000033c4600000,0x00000033c4700000)]
  0x0000015f5fab2f40 JavaThread "Monitor Deflation Thread" daemon [_thread_blocked, id=20664, stack(0x00000033c4700000,0x00000033c4800000)]
=>0x0000015f5fabbc30 JavaThread "C2 CompilerThread0" daemon [_thread_in_native, id=16100, stack(0x00000033c4800000,0x00000033c4900000)]
  0x0000015f5face8a0 JavaThread "C1 CompilerThread0" daemon [_thread_blocked, id=18936, stack(0x00000033c4900000,0x00000033c4a00000)]
  0x0000015f5facf1b0 JavaThread "Sweeper thread" daemon [_thread_blocked, id=6844, stack(0x00000033c4a00000,0x00000033c4b00000)]
  0x0000015f5fa88620 JavaThread "Common-Cleaner" daemon [_thread_blocked, id=20636, stack(0x00000033c4b00000,0x00000033c4c00000)]
  0x0000015f7f2022d0 JavaThread "Notification Thread" daemon [_thread_blocked, id=10000, stack(0x00000033c4c00000,0x00000033c4d00000)]
  0x0000015f007639d0 JavaThread "Daemon health stats" [_thread_blocked, id=20136, stack(0x00000033c5200000,0x00000033c5300000)]
  0x0000015f00fea450 JavaThread "Incoming local TCP Connector on port 49840" [_thread_in_native, id=14332, stack(0x00000033c5300000,0x00000033c5400000)]
  0x0000015f00ea9be0 JavaThread "Daemon periodic checks" [_thread_blocked, id=19556, stack(0x00000033c5400000,0x00000033c5500000)]
  0x0000015f00f0f670 JavaThread "Daemon" [_thread_blocked, id=3688, stack(0x00000033c5500000,0x00000033c5600000)]
  0x0000015f00f0e740 JavaThread "Handler for socket connection from /127.0.0.1:49840 to /127.0.0.1:49842" [_thread_in_native, id=17160, stack(0x00000033c5600000,0x00000033c5700000)]
  0x0000015f00f0ec50 JavaThread "Cancel handler" [_thread_blocked, id=19944, stack(0x00000033c5700000,0x00000033c5800000)]
  0x0000015f00f0f160 JavaThread "Daemon worker" [_thread_in_Java, id=17940, stack(0x00000033c5800000,0x00000033c5900000)]
  0x0000015f00f0fb80 JavaThread "Asynchronous log dispatcher for DefaultDaemonConnection: socket connection from /127.0.0.1:49840 to /127.0.0.1:49842" [_thread_blocked, id=17268, stack(0x00000033c5900000,0x00000033c5a00000)]
  0x0000015f00f0dd20 JavaThread "Stdin handler" [_thread_blocked, id=18784, stack(0x00000033c5a00000,0x00000033c5b00000)]
  0x0000015f00f0d810 JavaThread "Daemon client event forwarder" [_thread_blocked, id=21316, stack(0x00000033c5b00000,0x00000033c5c00000)]
  0x0000015f00f0c3d0 JavaThread "Cache worker for journal cache (C:\Users\ericy\.gradle\caches\journal-1)" [_thread_blocked, id=20008, stack(0x00000033c5c00000,0x00000033c5d00000)]
  0x0000015f00f0cdf0 JavaThread "File lock request listener" [_thread_in_native, id=19716, stack(0x00000033c5d00000,0x00000033c5e00000)]
  0x0000015f00f0c8e0 JavaThread "Cache worker for file hash cache (C:\Users\ericy\.gradle\caches\8.14.1\fileHashes)" [_thread_blocked, id=16256, stack(0x00000033c5e00000,0x00000033c5f00000)]
  0x0000015f00f0d300 JavaThread "Cache worker for file hash cache (C:\Users\ericy\prayOnline\android\.gradle\8.14.1\fileHashes)" [_thread_blocked, id=20024, stack(0x00000033c6200000,0x00000033c6300000)]
  0x0000015f01fa1000 JavaThread "Cache worker for Build Output Cleanup Cache (C:\Users\ericy\prayOnline\android\.gradle\buildOutputCleanup)" [_thread_blocked, id=2524, stack(0x00000033c6300000,0x00000033c6400000)]
  0x0000015f01fa47b0 JavaThread "File watcher server" daemon [_thread_in_native, id=20996, stack(0x00000033c6500000,0x00000033c6600000)]
  0x0000015f01fa3d90 JavaThread "File watcher consumer" daemon [_thread_blocked, id=18664, stack(0x00000033c6600000,0x00000033c6700000)]
  0x0000015f01fa1510 JavaThread "jar transforms" [_thread_blocked, id=17096, stack(0x00000033c6700000,0x00000033c6800000)]
  0x0000015f01fa3880 JavaThread "Cache worker for checksums cache (C:\Users\ericy\prayOnline\android\.gradle\8.14.1\checksums)" [_thread_blocked, id=19600, stack(0x00000033c6800000,0x00000033c6900000)]
  0x0000015f01fa4cc0 JavaThread "Cache worker for file content cache (C:\Users\ericy\.gradle\caches\8.14.1\fileContent)" [_thread_blocked, id=17080, stack(0x00000033c6900000,0x00000033c6a00000)]
  0x0000015f01fa1f30 JavaThread "Cache worker for cache directory md-supplier (C:\Users\ericy\.gradle\caches\8.14.1\md-supplier)" [_thread_blocked, id=10972, stack(0x00000033c6a00000,0x00000033c6b00000)]
  0x0000015f01fa7030 JavaThread "Cache worker for cache directory md-rule (C:\Users\ericy\.gradle\caches\8.14.1\md-rule)" [_thread_blocked, id=20380, stack(0x00000033c6b00000,0x00000033c6c00000)]
  0x0000015f01fa2440 JavaThread "Cache worker for Build Output Cleanup Cache (C:\Users\ericy\prayOnline\node_modules\@react-native\gradle-plugin\.gradle\buildOutputCleanup)" [_thread_blocked, id=21072, stack(0x00000033c6c00000,0x00000033c6d00000)]
  0x0000015f01fa51d0 JavaThread "Unconstrained build operations" [_thread_blocked, id=8460, stack(0x00000033c6e00000,0x00000033c6f00000)]
  0x0000015f01fa2950 JavaThread "Unconstrained build operations Thread 2" [_thread_blocked, id=19644, stack(0x00000033c6f00000,0x00000033c7000000)]
  0x0000015f01fa7a50 JavaThread "Unconstrained build operations Thread 3" [_thread_blocked, id=19824, stack(0x00000033c6d00000,0x00000033c6e00000)]
  0x0000015f01fa56e0 JavaThread "Unconstrained build operations Thread 4" [_thread_blocked, id=16516, stack(0x00000033c7000000,0x00000033c7100000)]
  0x0000015f01fa0af0 JavaThread "Unconstrained build operations Thread 5" [_thread_blocked, id=15972, stack(0x00000033c7100000,0x00000033c7200000)]
  0x0000015f01fa2e60 JavaThread "Unconstrained build operations Thread 6" [_thread_blocked, id=1984, stack(0x00000033c7200000,0x00000033c7300000)]
  0x0000015f01fa6100 JavaThread "Unconstrained build operations Thread 7" [_thread_blocked, id=16620, stack(0x00000033c7300000,0x00000033c7400000)]
  0x0000015f01fa6610 JavaThread "Unconstrained build operations Thread 8" [_thread_blocked, id=20336, stack(0x00000033c7500000,0x00000033c7600000)]
  0x0000015f01fa6b20 JavaThread "Unconstrained build operations Thread 9" [_thread_blocked, id=1208, stack(0x00000033c7600000,0x00000033c7700000)]
  0x0000015f01fa7540 JavaThread "Unconstrained build operations Thread 10" [_thread_blocked, id=5308, stack(0x00000033c7700000,0x00000033c7800000)]
  0x0000015f00138a20 JavaThread "Unconstrained build operations Thread 11" [_thread_blocked, id=13112, stack(0x00000033c7800000,0x00000033c7900000)]
  0x0000015f00138f30 JavaThread "Unconstrained build operations Thread 12" [_thread_blocked, id=20544, stack(0x00000033c7900000,0x00000033c7a00000)]
  0x0000015f00134340 JavaThread "Unconstrained build operations Thread 13" [_thread_blocked, id=20740, stack(0x00000033c7a00000,0x00000033c7b00000)]
  0x0000015f00139440 JavaThread "Unconstrained build operations Thread 14" [_thread_blocked, id=19844, stack(0x00000033c7b00000,0x00000033c7c00000)]
  0x0000015f00134850 JavaThread "Unconstrained build operations Thread 15" [_thread_blocked, id=14392, stack(0x00000033c7c00000,0x00000033c7d00000)]
  0x0000015f00136bc0 JavaThread "Unconstrained build operations Thread 16" [_thread_blocked, id=20608, stack(0x00000033c7d00000,0x00000033c7e00000)]
  0x0000015f001361a0 JavaThread "Unconstrained build operations Thread 17" [_thread_blocked, id=21508, stack(0x00000033c7e00000,0x00000033c7f00000)]
  0x0000015f00138000 JavaThread "Unconstrained build operations Thread 18" [_thread_blocked, id=21512, stack(0x00000033c7f00000,0x00000033c8000000)]
  0x0000015f00138510 JavaThread "Unconstrained build operations Thread 19" [_thread_blocked, id=21516, stack(0x00000033c8000000,0x00000033c8100000)]
  0x0000015f0013ad90 JavaThread "Unconstrained build operations Thread 20" [_thread_blocked, id=21520, stack(0x00000033c8100000,0x00000033c8200000)]
  0x0000015f00139950 JavaThread "Unconstrained build operations Thread 21" [_thread_blocked, id=21528, stack(0x00000033c8200000,0x00000033c8300000)]
  0x0000015f00139e60 JavaThread "Unconstrained build operations Thread 22" [_thread_blocked, id=21532, stack(0x00000033c8300000,0x00000033c8400000)]
  0x0000015f00134d60 JavaThread "Unconstrained build operations Thread 23" [_thread_blocked, id=21536, stack(0x00000033c8400000,0x00000033c8500000)]
  0x0000015f0013a370 JavaThread "Unconstrained build operations Thread 24" [_thread_blocked, id=21540, stack(0x00000033c8500000,0x00000033c8600000)]
  0x0000015f0013a880 JavaThread "Unconstrained build operations Thread 25" [_thread_blocked, id=21544, stack(0x00000033c8600000,0x00000033c8700000)]
  0x0000015f0013b2a0 JavaThread "Unconstrained build operations Thread 26" [_thread_blocked, id=21548, stack(0x00000033c8700000,0x00000033c8800000)]
  0x0000015f001370d0 JavaThread "Unconstrained build operations Thread 27" [_thread_blocked, id=21552, stack(0x00000033c8800000,0x00000033c8900000)]
  0x0000015f00133e30 JavaThread "build event listener" [_thread_blocked, id=21564, stack(0x00000033c8900000,0x00000033c8a00000)]
  0x0000015f00135c90 JavaThread "Memory manager" [_thread_blocked, id=21572, stack(0x00000033c8a00000,0x00000033c8b00000)]
  0x0000015f00135270 JavaThread "ForkJoinPool.commonPool-worker-1" daemon [_thread_blocked, id=21920, stack(0x00000033c8b00000,0x00000033c8c00000)]
  0x0000015f00135780 JavaThread "ForkJoinPool.commonPool-worker-2" daemon [_thread_blocked, id=21924, stack(0x00000033c8c00000,0x00000033c8d00000)]
  0x0000015f001366b0 JavaThread "ForkJoinPool.commonPool-worker-3" daemon [_thread_blocked, id=21928, stack(0x00000033c8d00000,0x00000033c8e00000)]
  0x0000015f001375e0 JavaThread "ForkJoinPool.commonPool-worker-4" daemon [_thread_blocked, id=21932, stack(0x00000033c8e00000,0x00000033c8f00000)]
  0x0000015f00137af0 JavaThread "ForkJoinPool.commonPool-worker-5" daemon [_thread_blocked, id=21936, stack(0x00000033c8f00000,0x00000033c9000000)]
  0x0000015f04fda660 JavaThread "ForkJoinPool.commonPool-worker-6" daemon [_thread_blocked, id=21940, stack(0x00000033c9000000,0x00000033c9100000)]
  0x0000015f04fdb080 JavaThread "ForkJoinPool.commonPool-worker-7" daemon [_thread_blocked, id=21944, stack(0x00000033c9100000,0x00000033c9200000)]
  0x0000015f04fdd3f0 JavaThread "Exec process" daemon [_thread_blocked, id=21948, stack(0x00000033c9200000,0x00000033c9300000)]
  0x0000015f04fde320 JavaThread "Exec process Thread 2" daemon [_thread_blocked, id=21960, stack(0x00000033c9300000,0x00000033c9400000)]
  0x0000015f04fdb590 JavaThread "Exec process Thread 3" daemon [_thread_blocked, id=21964, stack(0x00000033c9400000,0x00000033c9500000)]
  0x0000015f04fdf250 JavaThread "included builds" [_thread_blocked, id=22084, stack(0x00000033c9500000,0x00000033c9600000)]
  0x0000015f04fe0180 JavaThread "Execution worker" [_thread_blocked, id=22088, stack(0x00000033c9600000,0x00000033c9700000)]
  0x0000015f04fe0ba0 JavaThread "Execution worker Thread 2" [_thread_blocked, id=22092, stack(0x00000033c9700000,0x00000033c9800000)]
  0x0000015f04fdd900 JavaThread "Execution worker Thread 3" [_thread_blocked, id=22096, stack(0x00000033c9800000,0x00000033c9900000)]
  0x0000015f04fdf760 JavaThread "Execution worker Thread 4" [_thread_blocked, id=22100, stack(0x00000033c9900000,0x00000033c9a00000)]
  0x0000015f04fdde10 JavaThread "Execution worker Thread 5" [_thread_blocked, id=22104, stack(0x00000033c9a00000,0x00000033c9b00000)]
  0x0000015f04fdfc70 JavaThread "Execution worker Thread 6" [_thread_blocked, id=22108, stack(0x00000033c9b00000,0x00000033c9c00000)]
  0x0000015f04fe0690 JavaThread "Execution worker Thread 7" [_thread_blocked, id=22112, stack(0x00000033c9c00000,0x00000033c9d00000)]
  0x0000015f04fdab70 JavaThread "Cache worker for execution history cache (C:\Users\ericy\prayOnline\node_modules\@react-native\gradle-plugin\.gradle\8.14.1\executionHistory)" [_thread_blocked, id=22116, stack(0x00000033c9d00000,0x00000033c9e00000)]
  0x0000015f04fdbaa0 JavaThread "Unconstrained build operations Thread 28" [_thread_blocked, id=22120, stack(0x00000033c9e00000,0x00000033c9f00000)]
  0x0000015f04fd9730 JavaThread "Unconstrained build operations Thread 29" [_thread_blocked, id=22124, stack(0x00000033c9f00000,0x00000033ca000000)]
  0x0000015f04fde830 JavaThread "Unconstrained build operations Thread 30" [_thread_blocked, id=22128, stack(0x00000033ca000000,0x00000033ca100000)]
  0x0000015f04fe10b0 JavaThread "Unconstrained build operations Thread 31" [_thread_blocked, id=22132, stack(0x00000033ca100000,0x00000033ca200000)]
  0x0000015f04fdbfb0 JavaThread "Unconstrained build operations Thread 32" [_thread_blocked, id=22136, stack(0x00000033ca200000,0x00000033ca300000)]
  0x0000015f04fded40 JavaThread "Unconstrained build operations Thread 33" [_thread_blocked, id=22140, stack(0x00000033ca300000,0x00000033ca400000)]
  0x0000015f04fda150 JavaThread "Unconstrained build operations Thread 34" [_thread_blocked, id=22144, stack(0x00000033ca400000,0x00000033ca500000)]
  0x0000015f04fdc4c0 JavaThread "Unconstrained build operations Thread 35" [_thread_blocked, id=22148, stack(0x00000033ca500000,0x00000033ca600000)]
  0x0000015f04fdc9d0 JavaThread "Unconstrained build operations Thread 36" [_thread_blocked, id=22152, stack(0x00000033ca600000,0x00000033ca700000)]
  0x0000015f04fdcee0 JavaThread "Unconstrained build operations Thread 37" [_thread_blocked, id=22156, stack(0x00000033ca700000,0x00000033ca800000)]
  0x0000015f7f57f090 JavaThread "Unconstrained build operations Thread 38" [_thread_blocked, id=22160, stack(0x00000033ca800000,0x00000033ca900000)]
  0x0000015f7f579570 JavaThread "Unconstrained build operations Thread 39" [_thread_blocked, id=22164, stack(0x00000033ca900000,0x00000033caa00000)]
  0x0000015f7f57aec0 JavaThread "Unconstrained build operations Thread 40" [_thread_blocked, id=22168, stack(0x00000033caa00000,0x00000033cab00000)]
  0x0000015f7f57dc50 JavaThread "Unconstrained build operations Thread 41" [_thread_blocked, id=22172, stack(0x00000033cab00000,0x00000033cac00000)]
  0x0000015f7f57b3d0 JavaThread "Unconstrained build operations Thread 42" [_thread_blocked, id=22176, stack(0x00000033cac00000,0x00000033cad00000)]
  0x0000015f7f57cd20 JavaThread "Unconstrained build operations Thread 43" [_thread_blocked, id=22180, stack(0x00000033cad00000,0x00000033cae00000)]
  0x0000015f7f57bdf0 JavaThread "Unconstrained build operations Thread 44" [_thread_blocked, id=22184, stack(0x00000033cae00000,0x00000033caf00000)]
  0x0000015f7f57d230 JavaThread "Unconstrained build operations Thread 45" [_thread_blocked, id=22188, stack(0x00000033caf00000,0x00000033cb000000)]
  0x0000015f7f57fab0 JavaThread "Unconstrained build operations Thread 46" [_thread_blocked, id=22192, stack(0x00000033cb000000,0x00000033cb100000)]
  0x0000015f7f57b8e0 JavaThread "Unconstrained build operations Thread 47" [_thread_blocked, id=22196, stack(0x00000033cb100000,0x00000033cb200000)]
  0x0000015f7f5804d0 JavaThread "Unconstrained build operations Thread 48" [_thread_blocked, id=22200, stack(0x00000033cb200000,0x00000033cb300000)]
  0x0000015f7f579a80 JavaThread "Unconstrained build operations Thread 49" [_thread_blocked, id=22216, stack(0x00000033cb300000,0x00000033cb400000)]
  0x0000015f7f57d740 JavaThread "Unconstrained build operations Thread 50" [_thread_blocked, id=22220, stack(0x00000033cb400000,0x00000033cb500000)]
  0x0000015f7f57e160 JavaThread "Unconstrained build operations Thread 51" [_thread_blocked, id=22224, stack(0x00000033cb500000,0x00000033cb600000)]
  0x0000015f7f57ffc0 JavaThread "Unconstrained build operations Thread 52" [_thread_blocked, id=22228, stack(0x00000033cb600000,0x00000033cb700000)]
  0x0000015f7f579060 JavaThread "Unconstrained build operations Thread 53" [_thread_blocked, id=22232, stack(0x00000033cb700000,0x00000033cb800000)]
  0x0000015f7f57c300 JavaThread "Unconstrained build operations Thread 54" [_thread_blocked, id=22236, stack(0x00000033cb800000,0x00000033cb900000)]
  0x0000015f7f57f5a0 JavaThread "Unconstrained build operations Thread 55" [_thread_blocked, id=22240, stack(0x00000033cb900000,0x00000033cba00000)]
  0x0000015f7f5809e0 JavaThread "Unconstrained build operations Thread 56" [_thread_blocked, id=22244, stack(0x00000033cba00000,0x00000033cbb00000)]
  0x0000015f7f57eb80 JavaThread "Unconstrained build operations Thread 57" [_thread_blocked, id=22248, stack(0x00000033cbb00000,0x00000033cbc00000)]
  0x0000015f7f57e670 JavaThread "Unconstrained build operations Thread 58" [_thread_blocked, id=22252, stack(0x00000033cbc00000,0x00000033cbd00000)]
  0x0000015f7f579f90 JavaThread "Unconstrained build operations Thread 59" [_thread_blocked, id=22256, stack(0x00000033cbd00000,0x00000033cbe00000)]
  0x0000015f7f57c810 JavaThread "Unconstrained build operations Thread 60" [_thread_blocked, id=22260, stack(0x00000033cbe00000,0x00000033cbf00000)]
  0x0000015f7f57a4a0 JavaThread "Unconstrained build operations Thread 61" [_thread_blocked, id=22264, stack(0x00000033cbf00000,0x00000033cc000000)]
  0x0000015f7f57a9b0 JavaThread "Unconstrained build operations Thread 62" [_thread_blocked, id=22268, stack(0x00000033cc000000,0x00000033cc100000)]
  0x0000015f04e83c00 JavaThread "Unconstrained build operations Thread 63" [_thread_blocked, id=22272, stack(0x00000033cc100000,0x00000033cc200000)]
  0x0000015f04e7dbd0 JavaThread "Unconstrained build operations Thread 64" [_thread_blocked, id=22276, stack(0x00000033cc200000,0x00000033cc300000)]
  0x0000015f04e7f010 JavaThread "Unconstrained build operations Thread 65" [_thread_blocked, id=22280, stack(0x00000033cc300000,0x00000033cc400000)]
  0x0000015f04e84620 JavaThread "Unconstrained build operations Thread 66" [_thread_blocked, id=22284, stack(0x00000033cc400000,0x00000033cc500000)]
  0x0000015f04e822b0 JavaThread "Unconstrained build operations Thread 67" [_thread_blocked, id=22288, stack(0x00000033cc500000,0x00000033cc600000)]
  0x0000015f04e7eb00 JavaThread "Unconstrained build operations Thread 68" [_thread_blocked, id=22292, stack(0x00000033cc600000,0x00000033cc700000)]
  0x0000015f04e7e5f0 JavaThread "Unconstrained build operations Thread 69" [_thread_blocked, id=22296, stack(0x00000033cc700000,0x00000033cc800000)]
  0x0000015f04e7f520 JavaThread "Unconstrained build operations Thread 70" [_thread_blocked, id=22300, stack(0x00000033cc800000,0x00000033cc900000)]
  0x0000015f04e81380 JavaThread "Unconstrained build operations Thread 71" [_thread_blocked, id=22304, stack(0x00000033cc900000,0x00000033cca00000)]
  0x0000015f04e7fa30 JavaThread "Unconstrained build operations Thread 72" [_thread_blocked, id=22308, stack(0x00000033cca00000,0x00000033ccb00000)]
  0x0000015f04e80e70 JavaThread "Unconstrained build operations Thread 73" [_thread_blocked, id=22312, stack(0x00000033ccb00000,0x00000033ccc00000)]
  0x0000015f04e81890 JavaThread "Unconstrained build operations Thread 74" [_thread_blocked, id=22316, stack(0x00000033ccc00000,0x00000033ccd00000)]
  0x0000015f04e7ff40 JavaThread "Unconstrained build operations Thread 75" [_thread_blocked, id=22320, stack(0x00000033ccd00000,0x00000033cce00000)]
  0x0000015f04e7e0e0 JavaThread "Unconstrained build operations Thread 76" [_thread_blocked, id=22324, stack(0x00000033cce00000,0x00000033ccf00000)]
  0x0000015f04e827c0 JavaThread "Unconstrained build operations Thread 77" [_thread_blocked, id=22328, stack(0x00000033ccf00000,0x00000033cd000000)]
  0x0000015f04e81da0 JavaThread "jar transforms Thread 2" [_thread_blocked, id=22332, stack(0x00000033cd000000,0x00000033cd100000)]
  0x0000015f04e831e0 JavaThread "jar transforms Thread 3" [_thread_blocked, id=22336, stack(0x00000033cd100000,0x00000033cd200000)]
  0x0000015f04e82cd0 JavaThread "Unconstrained build operations Thread 78" [_thread_blocked, id=22344, stack(0x00000033cd200000,0x00000033cd300000)]
  0x0000015f04e836f0 JavaThread "Unconstrained build operations Thread 79" [_thread_blocked, id=22348, stack(0x00000033cd300000,0x00000033cd400000)]
  0x0000015f04e84110 JavaThread "Unconstrained build operations Thread 80" [_thread_blocked, id=22352, stack(0x00000033cd400000,0x00000033cd500000)]
  0x0000015f04e80450 JavaThread "jar transforms Thread 4" [_thread_blocked, id=22364, stack(0x00000033cd500000,0x00000033cd600000)]
  0x0000015f04e7d1b0 JavaThread "jar transforms Thread 5" [_thread_blocked, id=22372, stack(0x00000033cd600000,0x00000033cd700000)]
  0x0000015f04e7d6c0 JavaThread "jar transforms Thread 6" [_thread_blocked, id=22376, stack(0x00000033cd700000,0x00000033cd800000)]
  0x0000015f04e80960 JavaThread "Problems report writer" [_thread_blocked, id=22392, stack(0x00000033cd800000,0x00000033cd900000)]
  0x0000015f031045a0 JavaThread "build event listener" [_thread_blocked, id=22400, stack(0x00000033cd900000,0x00000033cda00000)]
  0x0000015f03103160 JavaThread "jar transforms Thread 7" [_thread_blocked, id=22436, stack(0x00000033cda00000,0x00000033cdb00000)]
  0x0000015f03101300 JavaThread "jar transforms Thread 8" [_thread_blocked, id=22444, stack(0x00000033cdb00000,0x00000033cdc00000)]

Other Threads:
  0x0000015f5fa98690 VMThread "VM Thread" [stack: 0x00000033c4100000,0x00000033c4200000] [id=20568]
  0x0000015f41a026c0 WatcherThread [stack: 0x00000033c4d00000,0x00000033c4e00000] [id=20596]
  0x0000015f419e8560 GCTaskThread "GC Thread#0" [stack: 0x00000033c3c00000,0x00000033c3d00000] [id=4212]
  0x0000015f7f264980 GCTaskThread "GC Thread#1" [stack: 0x00000033c4e00000,0x00000033c4f00000] [id=20484]
  0x0000015f7f3eb790 GCTaskThread "GC Thread#2" [stack: 0x00000033c4f00000,0x00000033c5000000] [id=20716]
  0x0000015f7f89a870 GCTaskThread "GC Thread#3" [stack: 0x00000033c5000000,0x00000033c5100000] [id=10748]
  0x0000015f005f1510 GCTaskThread "GC Thread#4" [stack: 0x00000033c5100000,0x00000033c5200000] [id=18296]
  0x0000015f0113c950 GCTaskThread "GC Thread#5" [stack: 0x00000033c5f00000,0x00000033c6000000] [id=21132]
  0x0000015f0113cc10 GCTaskThread "GC Thread#6" [stack: 0x00000033c6000000,0x00000033c6100000] [id=20576]
  0x0000015f0113ced0 GCTaskThread "GC Thread#7" [stack: 0x00000033c6100000,0x00000033c6200000] [id=10512]
  0x0000015f419f93c0 ConcurrentGCThread "G1 Main Marker" [stack: 0x00000033c3d00000,0x00000033c3e00000] [id=19992]
  0x0000015f419f9ce0 ConcurrentGCThread "G1 Conc#0" [stack: 0x00000033c3e00000,0x00000033c3f00000] [id=19280]
  0x0000015f023249f0 ConcurrentGCThread "G1 Conc#1" [stack: 0x00000033c6400000,0x00000033c6500000] [id=12148]
  0x0000015f41a4dc00 ConcurrentGCThread "G1 Refine#0" [stack: 0x00000033c3f00000,0x00000033c4000000] [id=20444]
  0x0000015f41a4e540 ConcurrentGCThread "G1 Service" [stack: 0x00000033c4000000,0x00000033c4100000] [id=12124]

Threads with active compile tasks:
C2 CompilerThread0    37765 15814   !   4       java.util.jar.Attributes::read (494 bytes)

VM state: not at safepoint (normal execution)

VM Mutex/Monitor currently owned by a thread: None

Heap address: 0x0000000080000000, size: 2048 MB, Compressed Oops mode: 32-bit

CDS archive(s) mapped at: [0x0000015f60000000-0x0000015f60bd0000-0x0000015f60bd0000), size 12386304, SharedBaseAddress: 0x0000015f60000000, ArchiveRelocationMode: 1.
Compressed class space mapped at: 0x0000015f61000000-0x0000015f7b000000, reserved size: 436207616
Narrow klass base: 0x0000015f60000000, Narrow klass shift: 0, Narrow klass range: 0x100000000

GC Precious Log:
 CPUs: 8 total, 8 available
 Memory: 7926M
 Large Page Support: Disabled
 NUMA Support: Disabled
 Compressed Oops: Enabled (32-bit)
 Heap Region Size: 1M
 Heap Min Capacity: 8M
 Heap Initial Capacity: 124M
 Heap Max Capacity: 2G
 Pre-touch: Disabled
 Parallel Workers: 8
 Concurrent Workers: 2
 Concurrent Refinement Workers: 8
 Periodic GC: Disabled

Heap:
 garbage-first heap   total 689152K, used 478120K [0x0000000080000000, 0x0000000100000000)
  region size 1024K, 300 young (307200K), 10 survivors (10240K)
 Metaspace       used 114021K, committed 115328K, reserved 557056K
  class space    used 15729K, committed 16320K, reserved 425984K

Heap Regions: E=young(eden), S=young(survivor), O=old, HS=humongous(starts), HC=humongous(continues), CS=collection set, F=free, OA=open archive, CA=closed archive, TAMS=top-at-mark-start (previous, next)
|   0|0x0000000080000000, 0x0000000080100000, 0x0000000080100000|100%|HS|  |TAMS 0x0000000080100000, 0x0000000080000000| Complete 
|   1|0x0000000080100000, 0x0000000080200000, 0x0000000080200000|100%|HC|  |TAMS 0x0000000080200000, 0x0000000080100000| Complete 
|   2|0x0000000080200000, 0x0000000080300000, 0x0000000080300000|100%|HC|  |TAMS 0x0000000080300000, 0x0000000080200000| Complete 
|   3|0x0000000080300000, 0x0000000080400000, 0x0000000080400000|100%| O|  |TAMS 0x0000000080400000, 0x0000000080300000| Untracked 
|   4|0x0000000080400000, 0x0000000080500000, 0x0000000080500000|100%| O|  |TAMS 0x0000000080500000, 0x0000000080400000| Untracked 
|   5|0x0000000080500000, 0x0000000080600000, 0x0000000080600000|100%| O|  |TAMS 0x0000000080600000, 0x0000000080500000| Untracked 
|   6|0x0000000080600000, 0x0000000080700000, 0x0000000080700000|100%|HS|  |TAMS 0x0000000080700000, 0x0000000080600000| Complete 
|   7|0x0000000080700000, 0x0000000080800000, 0x0000000080800000|100%| O|  |TAMS 0x0000000080800000, 0x0000000080700000| Untracked 
|   8|0x0000000080800000, 0x0000000080900000, 0x0000000080900000|100%| O|  |TAMS 0x0000000080900000, 0x0000000080800000| Untracked 
|   9|0x0000000080900000, 0x0000000080a00000, 0x0000000080a00000|100%| O|  |TAMS 0x0000000080a00000, 0x0000000080900000| Untracked 
|  10|0x0000000080a00000, 0x0000000080b00000, 0x0000000080b00000|100%| O|  |TAMS 0x0000000080b00000, 0x0000000080a00000| Untracked 
|  11|0x0000000080b00000, 0x0000000080c00000, 0x0000000080c00000|100%| O|  |TAMS 0x0000000080c00000, 0x0000000080b00000| Untracked 
|  12|0x0000000080c00000, 0x0000000080d00000, 0x0000000080d00000|100%| O|  |TAMS 0x0000000080d00000, 0x0000000080c00000| Untracked 
|  13|0x0000000080d00000, 0x0000000080e00000, 0x0000000080e00000|100%| O|  |TAMS 0x0000000080e00000, 0x0000000080d00000| Untracked 
|  14|0x0000000080e00000, 0x0000000080f00000, 0x0000000080f00000|100%| O|  |TAMS 0x0000000080f00000, 0x0000000080e00000| Untracked 
|  15|0x0000000080f00000, 0x0000000081000000, 0x0000000081000000|100%| O|  |TAMS 0x0000000081000000, 0x0000000080f00000| Untracked 
|  16|0x0000000081000000, 0x0000000081100000, 0x0000000081100000|100%| O|  |TAMS 0x0000000081100000, 0x0000000081000000| Untracked 
|  17|0x0000000081100000, 0x0000000081200000, 0x0000000081200000|100%| O|  |TAMS 0x0000000081200000, 0x0000000081100000| Untracked 
|  18|0x0000000081200000, 0x0000000081300000, 0x0000000081300000|100%| O|  |TAMS 0x0000000081300000, 0x0000000081200000| Untracked 
|  19|0x0000000081300000, 0x0000000081400000, 0x0000000081400000|100%| O|  |TAMS 0x0000000081400000, 0x0000000081300000| Untracked 
|  20|0x0000000081400000, 0x0000000081500000, 0x0000000081500000|100%| O|  |TAMS 0x0000000081500000, 0x0000000081400000| Untracked 
|  21|0x0000000081500000, 0x0000000081600000, 0x0000000081600000|100%| O|  |TAMS 0x0000000081600000, 0x0000000081500000| Untracked 
|  22|0x0000000081600000, 0x0000000081700000, 0x0000000081700000|100%| O|  |TAMS 0x0000000081700000, 0x0000000081600000| Untracked 
|  23|0x0000000081700000, 0x0000000081800000, 0x0000000081800000|100%| O|  |TAMS 0x0000000081800000, 0x0000000081700000| Untracked 
|  24|0x0000000081800000, 0x0000000081900000, 0x0000000081900000|100%| O|  |TAMS 0x0000000081900000, 0x0000000081800000| Untracked 
|  25|0x0000000081900000, 0x0000000081a00000, 0x0000000081a00000|100%| O|  |TAMS 0x0000000081a00000, 0x0000000081900000| Untracked 
|  26|0x0000000081a00000, 0x0000000081b00000, 0x0000000081b00000|100%| O|  |TAMS 0x0000000081b00000, 0x0000000081a00000| Untracked 
|  27|0x0000000081b00000, 0x0000000081c00000, 0x0000000081c00000|100%| O|  |TAMS 0x0000000081c00000, 0x0000000081b00000| Untracked 
|  28|0x0000000081c00000, 0x0000000081d00000, 0x0000000081d00000|100%|HS|  |TAMS 0x0000000081c00000, 0x0000000081c00000| Complete 
|  29|0x0000000081d00000, 0x0000000081e00000, 0x0000000081e00000|100%| O|  |TAMS 0x0000000081e00000, 0x0000000081d00000| Untracked 
|  30|0x0000000081e00000, 0x0000000081f00000, 0x0000000081f00000|100%| O|  |TAMS 0x0000000081f00000, 0x0000000081e00000| Untracked 
|  31|0x0000000081f00000, 0x0000000082000000, 0x0000000082000000|100%| O|  |TAMS 0x0000000082000000, 0x0000000081f00000| Untracked 
|  32|0x0000000082000000, 0x0000000082100000, 0x0000000082100000|100%| O|  |TAMS 0x0000000082100000, 0x0000000082000000| Untracked 
|  33|0x0000000082100000, 0x0000000082200000, 0x0000000082200000|100%| O|  |TAMS 0x0000000082200000, 0x0000000082100000| Untracked 
|  34|0x0000000082200000, 0x0000000082300000, 0x0000000082300000|100%| O|  |TAMS 0x0000000082300000, 0x0000000082200000| Untracked 
|  35|0x0000000082300000, 0x0000000082400000, 0x0000000082400000|100%| O|  |TAMS 0x0000000082400000, 0x0000000082300000| Untracked 
|  36|0x0000000082400000, 0x0000000082500000, 0x0000000082500000|100%|HS|  |TAMS 0x0000000082400000, 0x0000000082400000| Complete 
|  37|0x0000000082500000, 0x0000000082600000, 0x0000000082600000|100%| O|  |TAMS 0x0000000082600000, 0x0000000082500000| Untracked 
|  38|0x0000000082600000, 0x0000000082700000, 0x0000000082700000|100%|HS|  |TAMS 0x0000000082700000, 0x0000000082600000| Complete 
|  39|0x0000000082700000, 0x0000000082800000, 0x0000000082800000|100%|HC|  |TAMS 0x0000000082800000, 0x0000000082700000| Complete 
|  40|0x0000000082800000, 0x0000000082900000, 0x0000000082900000|100%|HC|  |TAMS 0x0000000082900000, 0x0000000082800000| Complete 
|  41|0x0000000082900000, 0x0000000082a00000, 0x0000000082a00000|100%|HS|  |TAMS 0x0000000082a00000, 0x0000000082900000| Complete 
|  42|0x0000000082a00000, 0x0000000082b00000, 0x0000000082b00000|100%|HC|  |TAMS 0x0000000082b00000, 0x0000000082a00000| Complete 
|  43|0x0000000082b00000, 0x0000000082c00000, 0x0000000082c00000|100%|HC|  |TAMS 0x0000000082c00000, 0x0000000082b00000| Complete 
|  44|0x0000000082c00000, 0x0000000082d00000, 0x0000000082d00000|100%| O|  |TAMS 0x0000000082d00000, 0x0000000082c00000| Untracked 
|  45|0x0000000082d00000, 0x0000000082e00000, 0x0000000082e00000|100%| O|  |TAMS 0x0000000082e00000, 0x0000000082d00000| Untracked 
|  46|0x0000000082e00000, 0x0000000082f00000, 0x0000000082f00000|100%| O|  |TAMS 0x0000000082f00000, 0x0000000082e00000| Untracked 
|  47|0x0000000082f00000, 0x0000000083000000, 0x0000000083000000|100%| O|  |TAMS 0x0000000083000000, 0x0000000082f00000| Untracked 
|  48|0x0000000083000000, 0x0000000083100000, 0x0000000083100000|100%| O|  |TAMS 0x0000000083100000, 0x0000000083000000| Untracked 
|  49|0x0000000083100000, 0x0000000083200000, 0x0000000083200000|100%| O|  |TAMS 0x0000000083200000, 0x0000000083100000| Untracked 
|  50|0x0000000083200000, 0x0000000083300000, 0x0000000083300000|100%| O|  |TAMS 0x0000000083300000, 0x0000000083200000| Untracked 
|  51|0x0000000083300000, 0x0000000083400000, 0x0000000083400000|100%| O|  |TAMS 0x0000000083400000, 0x0000000083300000| Untracked 
|  52|0x0000000083400000, 0x0000000083500000, 0x0000000083500000|100%| O|  |TAMS 0x0000000083400000, 0x0000000083400000| Untracked 
|  53|0x0000000083500000, 0x0000000083600000, 0x0000000083600000|100%| O|  |TAMS 0x0000000083500000, 0x0000000083500000| Untracked 
|  54|0x0000000083600000, 0x0000000083700000, 0x0000000083700000|100%| O|  |TAMS 0x0000000083600000, 0x0000000083600000| Untracked 
|  55|0x0000000083700000, 0x0000000083800000, 0x0000000083800000|100%| O|  |TAMS 0x0000000083800000, 0x0000000083700000| Untracked 
|  56|0x0000000083800000, 0x0000000083900000, 0x0000000083900000|100%| O|  |TAMS 0x0000000083900000, 0x0000000083800000| Untracked 
|  57|0x0000000083900000, 0x0000000083a00000, 0x0000000083a00000|100%| O|  |TAMS 0x0000000083a00000, 0x0000000083900000| Untracked 
|  58|0x0000000083a00000, 0x0000000083b00000, 0x0000000083b00000|100%| O|  |TAMS 0x0000000083b00000, 0x0000000083a00000| Untracked 
|  59|0x0000000083b00000, 0x0000000083c00000, 0x0000000083c00000|100%| O|  |TAMS 0x0000000083c00000, 0x0000000083b00000| Untracked 
|  60|0x0000000083c00000, 0x0000000083d00000, 0x0000000083d00000|100%| O|  |TAMS 0x0000000083d00000, 0x0000000083c00000| Untracked 
|  61|0x0000000083d00000, 0x0000000083e00000, 0x0000000083e00000|100%| O|  |TAMS 0x0000000083e00000, 0x0000000083d00000| Untracked 
|  62|0x0000000083e00000, 0x0000000083f00000, 0x0000000083f00000|100%| O|  |TAMS 0x0000000083f00000, 0x0000000083e00000| Untracked 
|  63|0x0000000083f00000, 0x0000000084000000, 0x0000000084000000|100%| O|  |TAMS 0x0000000084000000, 0x0000000083f00000| Untracked 
|  64|0x0000000084000000, 0x0000000084100000, 0x0000000084100000|100%| O|  |TAMS 0x0000000084100000, 0x0000000084000000| Untracked 
|  65|0x0000000084100000, 0x0000000084200000, 0x0000000084200000|100%| O|  |TAMS 0x0000000084200000, 0x0000000084100000| Untracked 
|  66|0x0000000084200000, 0x0000000084300000, 0x0000000084300000|100%| O|  |TAMS 0x0000000084300000, 0x0000000084200000| Untracked 
|  67|0x0000000084300000, 0x0000000084400000, 0x0000000084400000|100%| O|  |TAMS 0x0000000084400000, 0x0000000084300000| Untracked 
|  68|0x0000000084400000, 0x0000000084500000, 0x0000000084500000|100%| O|  |TAMS 0x0000000084500000, 0x0000000084400000| Untracked 
|  69|0x0000000084500000, 0x0000000084600000, 0x0000000084600000|100%| O|  |TAMS 0x0000000084600000, 0x0000000084500000| Untracked 
|  70|0x0000000084600000, 0x0000000084700000, 0x0000000084700000|100%| O|  |TAMS 0x0000000084700000, 0x0000000084600000| Untracked 
|  71|0x0000000084700000, 0x0000000084800000, 0x0000000084800000|100%| O|  |TAMS 0x0000000084800000, 0x0000000084700000| Untracked 
|  72|0x0000000084800000, 0x0000000084900000, 0x0000000084900000|100%| O|  |TAMS 0x0000000084900000, 0x0000000084800000| Untracked 
|  73|0x0000000084900000, 0x0000000084a00000, 0x0000000084a00000|100%| O|  |TAMS 0x0000000084a00000, 0x0000000084900000| Untracked 
|  74|0x0000000084a00000, 0x0000000084b00000, 0x0000000084b00000|100%| O|  |TAMS 0x0000000084b00000, 0x0000000084a00000| Untracked 
|  75|0x0000000084b00000, 0x0000000084c00000, 0x0000000084c00000|100%| O|  |TAMS 0x0000000084c00000, 0x0000000084b00000| Untracked 
|  76|0x0000000084c00000, 0x0000000084d00000, 0x0000000084d00000|100%| O|  |TAMS 0x0000000084d00000, 0x0000000084c00000| Untracked 
|  77|0x0000000084d00000, 0x0000000084e00000, 0x0000000084e00000|100%| O|  |TAMS 0x0000000084e00000, 0x0000000084d00000| Untracked 
|  78|0x0000000084e00000, 0x0000000084f00000, 0x0000000084f00000|100%| O|  |TAMS 0x0000000084e00000, 0x0000000084e00000| Untracked 
|  79|0x0000000084f00000, 0x0000000085000000, 0x0000000085000000|100%|HS|  |TAMS 0x0000000085000000, 0x0000000084f00000| Complete 
|  80|0x0000000085000000, 0x0000000085100000, 0x0000000085100000|100%|HS|  |TAMS 0x0000000085100000, 0x0000000085000000| Complete 
|  81|0x0000000085100000, 0x0000000085200000, 0x0000000085200000|100%|HS|  |TAMS 0x0000000085200000, 0x0000000085100000| Complete 
|  82|0x0000000085200000, 0x0000000085300000, 0x0000000085300000|100%|HS|  |TAMS 0x0000000085300000, 0x0000000085200000| Complete 
|  83|0x0000000085300000, 0x0000000085400000, 0x0000000085400000|100%| O|  |TAMS 0x0000000085400000, 0x0000000085300000| Untracked 
|  84|0x0000000085400000, 0x0000000085500000, 0x0000000085500000|100%|HS|  |TAMS 0x0000000085500000, 0x0000000085400000| Complete 
|  85|0x0000000085500000, 0x0000000085600000, 0x0000000085600000|100%|HS|  |TAMS 0x0000000085600000, 0x0000000085500000| Complete 
|  86|0x0000000085600000, 0x0000000085700000, 0x0000000085700000|100%| O|  |TAMS 0x0000000085600000, 0x0000000085600000| Untracked 
|  87|0x0000000085700000, 0x0000000085800000, 0x0000000085800000|100%| O|  |TAMS 0x0000000085800000, 0x0000000085700000| Untracked 
|  88|0x0000000085800000, 0x0000000085900000, 0x0000000085900000|100%|HS|  |TAMS 0x0000000085900000, 0x0000000085800000| Complete 
|  89|0x0000000085900000, 0x0000000085a00000, 0x0000000085a00000|100%|HC|  |TAMS 0x0000000085a00000, 0x0000000085900000| Complete 
|  90|0x0000000085a00000, 0x0000000085b00000, 0x0000000085b00000|100%|HC|  |TAMS 0x0000000085b00000, 0x0000000085a00000| Complete 
|  91|0x0000000085b00000, 0x0000000085c00000, 0x0000000085c00000|100%|HS|  |TAMS 0x0000000085c00000, 0x0000000085b00000| Complete 
|  92|0x0000000085c00000, 0x0000000085d00000, 0x0000000085d00000|100%| O|  |TAMS 0x0000000085d00000, 0x0000000085c00000| Untracked 
|  93|0x0000000085d00000, 0x0000000085e00000, 0x0000000085e00000|100%| O|  |TAMS 0x0000000085e00000, 0x0000000085d00000| Untracked 
|  94|0x0000000085e00000, 0x0000000085f00000, 0x0000000085f00000|100%| O|  |TAMS 0x0000000085f00000, 0x0000000085e00000| Untracked 
|  95|0x0000000085f00000, 0x0000000086000000, 0x0000000086000000|100%| O|  |TAMS 0x0000000086000000, 0x0000000085f00000| Untracked 
|  96|0x0000000086000000, 0x0000000086100000, 0x0000000086100000|100%| O|  |TAMS 0x0000000086100000, 0x0000000086000000| Untracked 
|  97|0x0000000086100000, 0x0000000086200000, 0x0000000086200000|100%| O|  |TAMS 0x0000000086200000, 0x0000000086100000| Untracked 
|  98|0x0000000086200000, 0x0000000086300000, 0x0000000086300000|100%| O|  |TAMS 0x0000000086300000, 0x0000000086200000| Untracked 
|  99|0x0000000086300000, 0x0000000086400000, 0x0000000086400000|100%| O|  |TAMS 0x0000000086400000, 0x0000000086300000| Untracked 
| 100|0x0000000086400000, 0x0000000086500000, 0x0000000086500000|100%| O|  |TAMS 0x0000000086500000, 0x0000000086400000| Untracked 
| 101|0x0000000086500000, 0x0000000086600000, 0x0000000086600000|100%| O|  |TAMS 0x0000000086600000, 0x0000000086500000| Untracked 
| 102|0x0000000086600000, 0x0000000086700000, 0x0000000086700000|100%| O|  |TAMS 0x0000000086700000, 0x0000000086600000| Untracked 
| 103|0x0000000086700000, 0x0000000086800000, 0x0000000086800000|100%| O|  |TAMS 0x0000000086800000, 0x0000000086700000| Untracked 
| 104|0x0000000086800000, 0x0000000086900000, 0x0000000086900000|100%| O|  |TAMS 0x0000000086900000, 0x0000000086800000| Untracked 
| 105|0x0000000086900000, 0x0000000086a00000, 0x0000000086a00000|100%| O|  |TAMS 0x0000000086a00000, 0x0000000086900000| Untracked 
| 106|0x0000000086a00000, 0x0000000086b00000, 0x0000000086b00000|100%| O|  |TAMS 0x0000000086b00000, 0x0000000086a00000| Untracked 
| 107|0x0000000086b00000, 0x0000000086c00000, 0x0000000086c00000|100%| O|  |TAMS 0x0000000086c00000, 0x0000000086b00000| Untracked 
| 108|0x0000000086c00000, 0x0000000086d00000, 0x0000000086d00000|100%| O|  |TAMS 0x0000000086d00000, 0x0000000086c00000| Untracked 
| 109|0x0000000086d00000, 0x0000000086e00000, 0x0000000086e00000|100%| O|  |TAMS 0x0000000086e00000, 0x0000000086d00000| Untracked 
| 110|0x0000000086e00000, 0x0000000086f00000, 0x0000000086f00000|100%| O|  |TAMS 0x0000000086f00000, 0x0000000086e00000| Untracked 
| 111|0x0000000086f00000, 0x0000000087000000, 0x0000000087000000|100%| O|  |TAMS 0x0000000087000000, 0x0000000086f00000| Untracked 
| 112|0x0000000087000000, 0x0000000087100000, 0x0000000087100000|100%| O|  |TAMS 0x0000000087100000, 0x0000000087000000| Untracked 
| 113|0x0000000087100000, 0x0000000087200000, 0x0000000087200000|100%| O|  |TAMS 0x0000000087200000, 0x0000000087100000| Untracked 
| 114|0x0000000087200000, 0x0000000087300000, 0x0000000087300000|100%| O|  |TAMS 0x0000000087300000, 0x0000000087200000| Untracked 
| 115|0x0000000087300000, 0x0000000087400000, 0x0000000087400000|100%| O|  |TAMS 0x0000000087400000, 0x0000000087300000| Untracked 
| 116|0x0000000087400000, 0x0000000087500000, 0x0000000087500000|100%| O|  |TAMS 0x0000000087500000, 0x0000000087400000| Untracked 
| 117|0x0000000087500000, 0x0000000087600000, 0x0000000087600000|100%| O|  |TAMS 0x0000000087600000, 0x0000000087500000| Untracked 
| 118|0x0000000087600000, 0x0000000087700000, 0x0000000087700000|100%| O|  |TAMS 0x0000000087700000, 0x0000000087600000| Untracked 
| 119|0x0000000087700000, 0x0000000087800000, 0x0000000087800000|100%| O|  |TAMS 0x0000000087800000, 0x0000000087700000| Untracked 
| 120|0x0000000087800000, 0x0000000087900000, 0x0000000087900000|100%| O|  |TAMS 0x0000000087900000, 0x0000000087800000| Untracked 
| 121|0x0000000087900000, 0x0000000087a00000, 0x0000000087a00000|100%| O|  |TAMS 0x0000000087a00000, 0x0000000087900000| Untracked 
| 122|0x0000000087a00000, 0x0000000087b00000, 0x0000000087b00000|100%| O|  |TAMS 0x0000000087b00000, 0x0000000087a00000| Untracked 
| 123|0x0000000087b00000, 0x0000000087c00000, 0x0000000087c00000|100%| O|  |TAMS 0x0000000087c00000, 0x0000000087b00000| Untracked 
| 124|0x0000000087c00000, 0x0000000087d00000, 0x0000000087d00000|100%| O|  |TAMS 0x0000000087d00000, 0x0000000087c00000| Untracked 
| 125|0x0000000087d00000, 0x0000000087e00000, 0x0000000087e00000|100%| O|  |TAMS 0x0000000087e00000, 0x0000000087d00000| Untracked 
| 126|0x0000000087e00000, 0x0000000087f00000, 0x0000000087f00000|100%| O|  |TAMS 0x0000000087e22e00, 0x0000000087e00000| Untracked 
| 127|0x0000000087f00000, 0x0000000088000000, 0x0000000088000000|100%| O|  |TAMS 0x0000000087f00000, 0x0000000087f00000| Untracked 
| 128|0x0000000088000000, 0x0000000088100000, 0x0000000088100000|100%| O|  |TAMS 0x0000000088000000, 0x0000000088000000| Untracked 
| 129|0x0000000088100000, 0x0000000088200000, 0x0000000088200000|100%| O|  |TAMS 0x0000000088100000, 0x0000000088100000| Untracked 
| 130|0x0000000088200000, 0x0000000088300000, 0x0000000088300000|100%| O|  |TAMS 0x0000000088200000, 0x0000000088200000| Untracked 
| 131|0x0000000088300000, 0x0000000088400000, 0x0000000088400000|100%|HS|  |TAMS 0x0000000088300000, 0x0000000088300000| Complete 
| 132|0x0000000088400000, 0x0000000088500000, 0x0000000088500000|100%|HC|  |TAMS 0x0000000088400000, 0x0000000088400000| Complete 
| 133|0x0000000088500000, 0x0000000088600000, 0x0000000088600000|100%|HS|  |TAMS 0x0000000088500000, 0x0000000088500000| Complete 
| 134|0x0000000088600000, 0x0000000088700000, 0x0000000088700000|100%|HC|  |TAMS 0x0000000088600000, 0x0000000088600000| Complete 
| 135|0x0000000088700000, 0x0000000088800000, 0x0000000088800000|100%|HC|  |TAMS 0x0000000088700000, 0x0000000088700000| Complete 
| 136|0x0000000088800000, 0x0000000088900000, 0x0000000088900000|100%|HC|  |TAMS 0x0000000088800000, 0x0000000088800000| Complete 
| 137|0x0000000088900000, 0x0000000088a00000, 0x0000000088a00000|100%|HS|  |TAMS 0x0000000088900000, 0x0000000088900000| Complete 
| 138|0x0000000088a00000, 0x0000000088b00000, 0x0000000088b00000|100%|HC|  |TAMS 0x0000000088a00000, 0x0000000088a00000| Complete 
| 139|0x0000000088b00000, 0x0000000088c00000, 0x0000000088c00000|100%| O|  |TAMS 0x0000000088b00000, 0x0000000088b00000| Untracked 
| 140|0x0000000088c00000, 0x0000000088d00000, 0x0000000088d00000|100%| O|  |TAMS 0x0000000088c00000, 0x0000000088c00000| Untracked 
| 141|0x0000000088d00000, 0x0000000088e00000, 0x0000000088e00000|100%| O|  |TAMS 0x0000000088d00000, 0x0000000088d00000| Untracked 
| 142|0x0000000088e00000, 0x0000000088f00000, 0x0000000088f00000|100%| O|  |TAMS 0x0000000088e00000, 0x0000000088e00000| Untracked 
| 143|0x0000000088f00000, 0x0000000089000000, 0x0000000089000000|100%| O|  |TAMS 0x0000000088f00000, 0x0000000088f00000| Untracked 
| 144|0x0000000089000000, 0x0000000089100000, 0x0000000089100000|100%| O|  |TAMS 0x0000000089000000, 0x0000000089000000| Untracked 
| 145|0x0000000089100000, 0x0000000089200000, 0x0000000089200000|100%| O|  |TAMS 0x0000000089100000, 0x0000000089100000| Untracked 
| 146|0x0000000089200000, 0x0000000089300000, 0x0000000089300000|100%| O|  |TAMS 0x0000000089200000, 0x0000000089200000| Untracked 
| 147|0x0000000089300000, 0x0000000089400000, 0x0000000089400000|100%| O|  |TAMS 0x0000000089300000, 0x0000000089300000| Untracked 
| 148|0x0000000089400000, 0x0000000089500000, 0x0000000089500000|100%| O|  |TAMS 0x0000000089400000, 0x0000000089400000| Untracked 
| 149|0x0000000089500000, 0x0000000089600000, 0x0000000089600000|100%| O|  |TAMS 0x0000000089500000, 0x0000000089500000| Untracked 
| 150|0x0000000089600000, 0x0000000089700000, 0x0000000089700000|100%| O|  |TAMS 0x0000000089600000, 0x0000000089600000| Untracked 
| 151|0x0000000089700000, 0x0000000089800000, 0x0000000089800000|100%| O|  |TAMS 0x0000000089700000, 0x0000000089700000| Untracked 
| 152|0x0000000089800000, 0x0000000089900000, 0x0000000089900000|100%| O|  |TAMS 0x0000000089800000, 0x0000000089800000| Untracked 
| 153|0x0000000089900000, 0x0000000089a00000, 0x0000000089a00000|100%| O|  |TAMS 0x0000000089900000, 0x0000000089900000| Untracked 
| 154|0x0000000089a00000, 0x0000000089b00000, 0x0000000089b00000|100%| O|  |TAMS 0x0000000089a00000, 0x0000000089a00000| Untracked 
| 155|0x0000000089b00000, 0x0000000089c00000, 0x0000000089c00000|100%|HS|  |TAMS 0x0000000089b00000, 0x0000000089b00000| Complete 
| 156|0x0000000089c00000, 0x0000000089d00000, 0x0000000089d00000|100%|HS|  |TAMS 0x0000000089c00000, 0x0000000089c00000| Complete 
| 157|0x0000000089d00000, 0x0000000089e00000, 0x0000000089e00000|100%|HS|  |TAMS 0x0000000089d00000, 0x0000000089d00000| Complete 
| 158|0x0000000089e00000, 0x0000000089f00000, 0x0000000089f00000|100%|HS|  |TAMS 0x0000000089e00000, 0x0000000089e00000| Complete 
| 159|0x0000000089f00000, 0x000000008a000000, 0x000000008a000000|100%|HC|  |TAMS 0x0000000089f00000, 0x0000000089f00000| Complete 
| 160|0x000000008a000000, 0x000000008a100000, 0x000000008a100000|100%|HC|  |TAMS 0x000000008a000000, 0x000000008a000000| Complete 
| 161|0x000000008a100000, 0x000000008a200000, 0x000000008a200000|100%| O|  |TAMS 0x000000008a100000, 0x000000008a100000| Untracked 
| 162|0x000000008a200000, 0x000000008a300000, 0x000000008a300000|100%| O|  |TAMS 0x000000008a200000, 0x000000008a200000| Untracked 
| 163|0x000000008a300000, 0x000000008a400000, 0x000000008a400000|100%| O|  |TAMS 0x000000008a300000, 0x000000008a300000| Untracked 
| 164|0x000000008a400000, 0x000000008a4ea000, 0x000000008a500000| 91%| O|  |TAMS 0x000000008a400000, 0x000000008a400000| Untracked 
| 165|0x000000008a500000, 0x000000008a600000, 0x000000008a600000|100%|HS|  |TAMS 0x000000008a500000, 0x000000008a500000| Complete 
| 166|0x000000008a600000, 0x000000008a700000, 0x000000008a700000|100%|HS|  |TAMS 0x000000008a600000, 0x000000008a600000| Complete 
| 167|0x000000008a700000, 0x000000008a800000, 0x000000008a800000|100%|HS|  |TAMS 0x000000008a700000, 0x000000008a700000| Complete 
| 168|0x000000008a800000, 0x000000008a900000, 0x000000008a900000|100%|HS|  |TAMS 0x000000008a800000, 0x000000008a800000| Complete 
| 169|0x000000008a900000, 0x000000008a900000, 0x000000008aa00000|  0%| F|  |TAMS 0x000000008a900000, 0x000000008a900000| Untracked 
| 170|0x000000008aa00000, 0x000000008aa00000, 0x000000008ab00000|  0%| F|  |TAMS 0x000000008aa00000, 0x000000008aa00000| Untracked 
| 171|0x000000008ab00000, 0x000000008ab00000, 0x000000008ac00000|  0%| F|  |TAMS 0x000000008ab00000, 0x000000008ab00000| Untracked 
| 172|0x000000008ac00000, 0x000000008ac00000, 0x000000008ad00000|  0%| F|  |TAMS 0x000000008ac00000, 0x000000008ac00000| Untracked 
| 173|0x000000008ad00000, 0x000000008ad00000, 0x000000008ae00000|  0%| F|  |TAMS 0x000000008ad00000, 0x000000008ad00000| Untracked 
| 174|0x000000008ae00000, 0x000000008ae00000, 0x000000008af00000|  0%| F|  |TAMS 0x000000008ae00000, 0x000000008ae00000| Untracked 
| 175|0x000000008af00000, 0x000000008af00000, 0x000000008b000000|  0%| F|  |TAMS 0x000000008af00000, 0x000000008af00000| Untracked 
| 176|0x000000008b000000, 0x000000008b000000, 0x000000008b100000|  0%| F|  |TAMS 0x000000008b000000, 0x000000008b000000| Untracked 
| 177|0x000000008b100000, 0x000000008b100000, 0x000000008b200000|  0%| F|  |TAMS 0x000000008b100000, 0x000000008b100000| Untracked 
| 178|0x000000008b200000, 0x000000008b200000, 0x000000008b300000|  0%| F|  |TAMS 0x000000008b200000, 0x000000008b200000| Untracked 
| 179|0x000000008b300000, 0x000000008b300000, 0x000000008b400000|  0%| F|  |TAMS 0x000000008b300000, 0x000000008b300000| Untracked 
| 180|0x000000008b400000, 0x000000008b400000, 0x000000008b500000|  0%| F|  |TAMS 0x000000008b400000, 0x000000008b400000| Untracked 
| 181|0x000000008b500000, 0x000000008b500000, 0x000000008b600000|  0%| F|  |TAMS 0x000000008b500000, 0x000000008b500000| Untracked 
| 182|0x000000008b600000, 0x000000008b600000, 0x000000008b700000|  0%| F|  |TAMS 0x000000008b600000, 0x000000008b600000| Untracked 
| 183|0x000000008b700000, 0x000000008b700000, 0x000000008b800000|  0%| F|  |TAMS 0x000000008b700000, 0x000000008b700000| Untracked 
| 184|0x000000008b800000, 0x000000008b800000, 0x000000008b900000|  0%| F|  |TAMS 0x000000008b800000, 0x000000008b800000| Untracked 
| 185|0x000000008b900000, 0x000000008b900000, 0x000000008ba00000|  0%| F|  |TAMS 0x000000008b900000, 0x000000008b900000| Untracked 
| 186|0x000000008ba00000, 0x000000008ba00000, 0x000000008bb00000|  0%| F|  |TAMS 0x000000008ba00000, 0x000000008ba00000| Untracked 
| 187|0x000000008bb00000, 0x000000008bb00000, 0x000000008bc00000|  0%| F|  |TAMS 0x000000008bb00000, 0x000000008bb00000| Untracked 
| 188|0x000000008bc00000, 0x000000008bc00000, 0x000000008bd00000|  0%| F|  |TAMS 0x000000008bc00000, 0x000000008bc00000| Untracked 
| 189|0x000000008bd00000, 0x000000008bd00000, 0x000000008be00000|  0%| F|  |TAMS 0x000000008bd00000, 0x000000008bd00000| Untracked 
| 190|0x000000008be00000, 0x000000008be00000, 0x000000008bf00000|  0%| F|  |TAMS 0x000000008be00000, 0x000000008be00000| Untracked 
| 191|0x000000008bf00000, 0x000000008bf00000, 0x000000008c000000|  0%| F|  |TAMS 0x000000008bf00000, 0x000000008bf00000| Untracked 
| 192|0x000000008c000000, 0x000000008c000000, 0x000000008c100000|  0%| F|  |TAMS 0x000000008c000000, 0x000000008c000000| Untracked 
| 193|0x000000008c100000, 0x000000008c100000, 0x000000008c200000|  0%| F|  |TAMS 0x000000008c100000, 0x000000008c100000| Untracked 
| 194|0x000000008c200000, 0x000000008c200000, 0x000000008c300000|  0%| F|  |TAMS 0x000000008c200000, 0x000000008c200000| Untracked 
| 195|0x000000008c300000, 0x000000008c400000, 0x000000008c400000|100%| S|CS|TAMS 0x000000008c300000, 0x000000008c300000| Complete 
| 196|0x000000008c400000, 0x000000008c500000, 0x000000008c500000|100%| S|CS|TAMS 0x000000008c400000, 0x000000008c400000| Complete 
| 197|0x000000008c500000, 0x000000008c600000, 0x000000008c600000|100%| S|CS|TAMS 0x000000008c500000, 0x000000008c500000| Complete 
| 198|0x000000008c600000, 0x000000008c600000, 0x000000008c700000|  0%| F|  |TAMS 0x000000008c600000, 0x000000008c600000| Untracked 
| 199|0x000000008c700000, 0x000000008c800000, 0x000000008c800000|100%| S|CS|TAMS 0x000000008c700000, 0x000000008c700000| Complete 
| 200|0x000000008c800000, 0x000000008c900000, 0x000000008c900000|100%| S|CS|TAMS 0x000000008c800000, 0x000000008c800000| Complete 
| 201|0x000000008c900000, 0x000000008ca00000, 0x000000008ca00000|100%| S|CS|TAMS 0x000000008c900000, 0x000000008c900000| Complete 
| 202|0x000000008ca00000, 0x000000008cb00000, 0x000000008cb00000|100%| S|CS|TAMS 0x000000008ca00000, 0x000000008ca00000| Complete 
| 203|0x000000008cb00000, 0x000000008cc00000, 0x000000008cc00000|100%| S|CS|TAMS 0x000000008cb00000, 0x000000008cb00000| Complete 
| 204|0x000000008cc00000, 0x000000008cd00000, 0x000000008cd00000|100%| S|CS|TAMS 0x000000008cc00000, 0x000000008cc00000| Complete 
| 205|0x000000008cd00000, 0x000000008ce00000, 0x000000008ce00000|100%| S|CS|TAMS 0x000000008cd00000, 0x000000008cd00000| Complete 
| 206|0x000000008ce00000, 0x000000008ce00000, 0x000000008cf00000|  0%| F|  |TAMS 0x000000008ce00000, 0x000000008ce00000| Untracked 
| 207|0x000000008cf00000, 0x000000008cf00000, 0x000000008d000000|  0%| F|  |TAMS 0x000000008cf00000, 0x000000008cf00000| Untracked 
| 208|0x000000008d000000, 0x000000008d000000, 0x000000008d100000|  0%| F|  |TAMS 0x000000008d000000, 0x000000008d000000| Untracked 
| 209|0x000000008d100000, 0x000000008d100000, 0x000000008d200000|  0%| F|  |TAMS 0x000000008d100000, 0x000000008d100000| Untracked 
| 210|0x000000008d200000, 0x000000008d200000, 0x000000008d300000|  0%| F|  |TAMS 0x000000008d200000, 0x000000008d200000| Untracked 
| 211|0x000000008d300000, 0x000000008d300000, 0x000000008d400000|  0%| F|  |TAMS 0x000000008d300000, 0x000000008d300000| Untracked 
| 212|0x000000008d400000, 0x000000008d400000, 0x000000008d500000|  0%| F|  |TAMS 0x000000008d400000, 0x000000008d400000| Untracked 
| 213|0x000000008d500000, 0x000000008d500000, 0x000000008d600000|  0%| F|  |TAMS 0x000000008d500000, 0x000000008d500000| Untracked 
| 214|0x000000008d600000, 0x000000008d600000, 0x000000008d700000|  0%| F|  |TAMS 0x000000008d600000, 0x000000008d600000| Untracked 
| 215|0x000000008d700000, 0x000000008d700000, 0x000000008d800000|  0%| F|  |TAMS 0x000000008d700000, 0x000000008d700000| Untracked 
| 216|0x000000008d800000, 0x000000008d800000, 0x000000008d900000|  0%| F|  |TAMS 0x000000008d800000, 0x000000008d800000| Untracked 
| 217|0x000000008d900000, 0x000000008d900000, 0x000000008da00000|  0%| F|  |TAMS 0x000000008d900000, 0x000000008d900000| Untracked 
| 218|0x000000008da00000, 0x000000008da00000, 0x000000008db00000|  0%| F|  |TAMS 0x000000008da00000, 0x000000008da00000| Untracked 
| 219|0x000000008db00000, 0x000000008db00000, 0x000000008dc00000|  0%| F|  |TAMS 0x000000008db00000, 0x000000008db00000| Untracked 
| 220|0x000000008dc00000, 0x000000008dc00000, 0x000000008dd00000|  0%| F|  |TAMS 0x000000008dc00000, 0x000000008dc00000| Untracked 
| 221|0x000000008dd00000, 0x000000008dd00000, 0x000000008de00000|  0%| F|  |TAMS 0x000000008dd00000, 0x000000008dd00000| Untracked 
| 222|0x000000008de00000, 0x000000008de00000, 0x000000008df00000|  0%| F|  |TAMS 0x000000008de00000, 0x000000008de00000| Untracked 
| 223|0x000000008df00000, 0x000000008df00000, 0x000000008e000000|  0%| F|  |TAMS 0x000000008df00000, 0x000000008df00000| Untracked 
| 224|0x000000008e000000, 0x000000008e000000, 0x000000008e100000|  0%| F|  |TAMS 0x000000008e000000, 0x000000008e000000| Untracked 
| 225|0x000000008e100000, 0x000000008e100000, 0x000000008e200000|  0%| F|  |TAMS 0x000000008e100000, 0x000000008e100000| Untracked 
| 226|0x000000008e200000, 0x000000008e200000, 0x000000008e300000|  0%| F|  |TAMS 0x000000008e200000, 0x000000008e200000| Untracked 
| 227|0x000000008e300000, 0x000000008e300000, 0x000000008e400000|  0%| F|  |TAMS 0x000000008e300000, 0x000000008e300000| Untracked 
| 228|0x000000008e400000, 0x000000008e400000, 0x000000008e500000|  0%| F|  |TAMS 0x000000008e400000, 0x000000008e400000| Untracked 
| 229|0x000000008e500000, 0x000000008e500000, 0x000000008e600000|  0%| F|  |TAMS 0x000000008e500000, 0x000000008e500000| Untracked 
| 230|0x000000008e600000, 0x000000008e600000, 0x000000008e700000|  0%| F|  |TAMS 0x000000008e600000, 0x000000008e600000| Untracked 
| 231|0x000000008e700000, 0x000000008e700000, 0x000000008e800000|  0%| F|  |TAMS 0x000000008e700000, 0x000000008e700000| Untracked 
| 232|0x000000008e800000, 0x000000008e800000, 0x000000008e900000|  0%| F|  |TAMS 0x000000008e800000, 0x000000008e800000| Untracked 
| 233|0x000000008e900000, 0x000000008e900000, 0x000000008ea00000|  0%| F|  |TAMS 0x000000008e900000, 0x000000008e900000| Untracked 
| 234|0x000000008ea00000, 0x000000008ea00000, 0x000000008eb00000|  0%| F|  |TAMS 0x000000008ea00000, 0x000000008ea00000| Untracked 
| 235|0x000000008eb00000, 0x000000008eb00000, 0x000000008ec00000|  0%| F|  |TAMS 0x000000008eb00000, 0x000000008eb00000| Untracked 
| 236|0x000000008ec00000, 0x000000008ec00000, 0x000000008ed00000|  0%| F|  |TAMS 0x000000008ec00000, 0x000000008ec00000| Untracked 
| 237|0x000000008ed00000, 0x000000008ed00000, 0x000000008ee00000|  0%| F|  |TAMS 0x000000008ed00000, 0x000000008ed00000| Untracked 
| 238|0x000000008ee00000, 0x000000008ee00000, 0x000000008ef00000|  0%| F|  |TAMS 0x000000008ee00000, 0x000000008ee00000| Untracked 
| 239|0x000000008ef00000, 0x000000008ef00000, 0x000000008f000000|  0%| F|  |TAMS 0x000000008ef00000, 0x000000008ef00000| Untracked 
| 240|0x000000008f000000, 0x000000008f000000, 0x000000008f100000|  0%| F|  |TAMS 0x000000008f000000, 0x000000008f000000| Untracked 
| 241|0x000000008f100000, 0x000000008f100000, 0x000000008f200000|  0%| F|  |TAMS 0x000000008f100000, 0x000000008f100000| Untracked 
| 242|0x000000008f200000, 0x000000008f200000, 0x000000008f300000|  0%| F|  |TAMS 0x000000008f200000, 0x000000008f200000| Untracked 
| 243|0x000000008f300000, 0x000000008f300000, 0x000000008f400000|  0%| F|  |TAMS 0x000000008f300000, 0x000000008f300000| Untracked 
| 244|0x000000008f400000, 0x000000008f400000, 0x000000008f500000|  0%| F|  |TAMS 0x000000008f400000, 0x000000008f400000| Untracked 
| 245|0x000000008f500000, 0x000000008f500000, 0x000000008f600000|  0%| F|  |TAMS 0x000000008f500000, 0x000000008f500000| Untracked 
| 246|0x000000008f600000, 0x000000008f600000, 0x000000008f700000|  0%| F|  |TAMS 0x000000008f600000, 0x000000008f600000| Untracked 
| 247|0x000000008f700000, 0x000000008f700000, 0x000000008f800000|  0%| F|  |TAMS 0x000000008f700000, 0x000000008f700000| Untracked 
| 248|0x000000008f800000, 0x000000008f800000, 0x000000008f900000|  0%| F|  |TAMS 0x000000008f800000, 0x000000008f800000| Untracked 
| 249|0x000000008f900000, 0x000000008f900000, 0x000000008fa00000|  0%| F|  |TAMS 0x000000008f900000, 0x000000008f900000| Untracked 
| 250|0x000000008fa00000, 0x000000008fa00000, 0x000000008fb00000|  0%| F|  |TAMS 0x000000008fa00000, 0x000000008fa00000| Untracked 
| 251|0x000000008fb00000, 0x000000008fb00000, 0x000000008fc00000|  0%| F|  |TAMS 0x000000008fb00000, 0x000000008fb00000| Untracked 
| 252|0x000000008fc00000, 0x000000008fc00000, 0x000000008fd00000|  0%| F|  |TAMS 0x000000008fc00000, 0x000000008fc00000| Untracked 
| 253|0x000000008fd00000, 0x000000008fd00000, 0x000000008fe00000|  0%| F|  |TAMS 0x000000008fd00000, 0x000000008fd00000| Untracked 
| 254|0x000000008fe00000, 0x000000008fe00000, 0x000000008ff00000|  0%| F|  |TAMS 0x000000008fe00000, 0x000000008fe00000| Untracked 
| 255|0x000000008ff00000, 0x000000008ff00000, 0x0000000090000000|  0%| F|  |TAMS 0x000000008ff00000, 0x000000008ff00000| Untracked 
| 256|0x0000000090000000, 0x0000000090000000, 0x0000000090100000|  0%| F|  |TAMS 0x0000000090000000, 0x0000000090000000| Untracked 
| 257|0x0000000090100000, 0x0000000090100000, 0x0000000090200000|  0%| F|  |TAMS 0x0000000090100000, 0x0000000090100000| Untracked 
| 258|0x0000000090200000, 0x0000000090200000, 0x0000000090300000|  0%| F|  |TAMS 0x0000000090200000, 0x0000000090200000| Untracked 
| 259|0x0000000090300000, 0x0000000090300000, 0x0000000090400000|  0%| F|  |TAMS 0x0000000090300000, 0x0000000090300000| Untracked 
| 260|0x0000000090400000, 0x0000000090400000, 0x0000000090500000|  0%| F|  |TAMS 0x0000000090400000, 0x0000000090400000| Untracked 
| 261|0x0000000090500000, 0x0000000090500000, 0x0000000090600000|  0%| F|  |TAMS 0x0000000090500000, 0x0000000090500000| Untracked 
| 262|0x0000000090600000, 0x0000000090600000, 0x0000000090700000|  0%| F|  |TAMS 0x0000000090600000, 0x0000000090600000| Untracked 
| 263|0x0000000090700000, 0x0000000090700000, 0x0000000090800000|  0%| F|  |TAMS 0x0000000090700000, 0x0000000090700000| Untracked 
| 264|0x0000000090800000, 0x0000000090800000, 0x0000000090900000|  0%| F|  |TAMS 0x0000000090800000, 0x0000000090800000| Untracked 
| 265|0x0000000090900000, 0x0000000090900000, 0x0000000090a00000|  0%| F|  |TAMS 0x0000000090900000, 0x0000000090900000| Untracked 
| 266|0x0000000090a00000, 0x0000000090a00000, 0x0000000090b00000|  0%| F|  |TAMS 0x0000000090a00000, 0x0000000090a00000| Untracked 
| 267|0x0000000090b00000, 0x0000000090b00000, 0x0000000090c00000|  0%| F|  |TAMS 0x0000000090b00000, 0x0000000090b00000| Untracked 
| 268|0x0000000090c00000, 0x0000000090c00000, 0x0000000090d00000|  0%| F|  |TAMS 0x0000000090c00000, 0x0000000090c00000| Untracked 
| 269|0x0000000090d00000, 0x0000000090d00000, 0x0000000090e00000|  0%| F|  |TAMS 0x0000000090d00000, 0x0000000090d00000| Untracked 
| 270|0x0000000090e00000, 0x0000000090e00000, 0x0000000090f00000|  0%| F|  |TAMS 0x0000000090e00000, 0x0000000090e00000| Untracked 
| 271|0x0000000090f00000, 0x0000000090f00000, 0x0000000091000000|  0%| F|  |TAMS 0x0000000090f00000, 0x0000000090f00000| Untracked 
| 272|0x0000000091000000, 0x0000000091000000, 0x0000000091100000|  0%| F|  |TAMS 0x0000000091000000, 0x0000000091000000| Untracked 
| 273|0x0000000091100000, 0x0000000091100000, 0x0000000091200000|  0%| F|  |TAMS 0x0000000091100000, 0x0000000091100000| Untracked 
| 274|0x0000000091200000, 0x0000000091200000, 0x0000000091300000|  0%| F|  |TAMS 0x0000000091200000, 0x0000000091200000| Untracked 
| 275|0x0000000091300000, 0x0000000091300000, 0x0000000091400000|  0%| F|  |TAMS 0x0000000091300000, 0x0000000091300000| Untracked 
| 276|0x0000000091400000, 0x0000000091400000, 0x0000000091500000|  0%| F|  |TAMS 0x0000000091400000, 0x0000000091400000| Untracked 
| 277|0x0000000091500000, 0x0000000091500000, 0x0000000091600000|  0%| F|  |TAMS 0x0000000091500000, 0x0000000091500000| Untracked 
| 278|0x0000000091600000, 0x0000000091600000, 0x0000000091700000|  0%| F|  |TAMS 0x0000000091600000, 0x0000000091600000| Untracked 
| 279|0x0000000091700000, 0x0000000091700000, 0x0000000091800000|  0%| F|  |TAMS 0x0000000091700000, 0x0000000091700000| Untracked 
| 280|0x0000000091800000, 0x0000000091800000, 0x0000000091900000|  0%| F|  |TAMS 0x0000000091800000, 0x0000000091800000| Untracked 
| 281|0x0000000091900000, 0x0000000091900000, 0x0000000091a00000|  0%| F|  |TAMS 0x0000000091900000, 0x0000000091900000| Untracked 
| 282|0x0000000091a00000, 0x0000000091a00000, 0x0000000091b00000|  0%| F|  |TAMS 0x0000000091a00000, 0x0000000091a00000| Untracked 
| 283|0x0000000091b00000, 0x0000000091b00000, 0x0000000091c00000|  0%| F|  |TAMS 0x0000000091b00000, 0x0000000091b00000| Untracked 
| 284|0x0000000091c00000, 0x0000000091c00000, 0x0000000091d00000|  0%| F|  |TAMS 0x0000000091c00000, 0x0000000091c00000| Untracked 
| 285|0x0000000091d00000, 0x0000000091d00000, 0x0000000091e00000|  0%| F|  |TAMS 0x0000000091d00000, 0x0000000091d00000| Untracked 
| 286|0x0000000091e00000, 0x0000000091e00000, 0x0000000091f00000|  0%| F|  |TAMS 0x0000000091e00000, 0x0000000091e00000| Untracked 
| 287|0x0000000091f00000, 0x0000000091f00000, 0x0000000092000000|  0%| F|  |TAMS 0x0000000091f00000, 0x0000000091f00000| Untracked 
| 288|0x0000000092000000, 0x0000000092000000, 0x0000000092100000|  0%| F|  |TAMS 0x0000000092000000, 0x0000000092000000| Untracked 
| 289|0x0000000092100000, 0x0000000092100000, 0x0000000092200000|  0%| F|  |TAMS 0x0000000092100000, 0x0000000092100000| Untracked 
| 290|0x0000000092200000, 0x0000000092200000, 0x0000000092300000|  0%| F|  |TAMS 0x0000000092200000, 0x0000000092200000| Untracked 
| 291|0x0000000092300000, 0x0000000092300000, 0x0000000092400000|  0%| F|  |TAMS 0x0000000092300000, 0x0000000092300000| Untracked 
| 292|0x0000000092400000, 0x0000000092400000, 0x0000000092500000|  0%| F|  |TAMS 0x0000000092400000, 0x0000000092400000| Untracked 
| 293|0x0000000092500000, 0x0000000092500000, 0x0000000092600000|  0%| F|  |TAMS 0x0000000092500000, 0x0000000092500000| Untracked 
| 294|0x0000000092600000, 0x0000000092600000, 0x0000000092700000|  0%| F|  |TAMS 0x0000000092600000, 0x0000000092600000| Untracked 
| 295|0x0000000092700000, 0x0000000092700000, 0x0000000092800000|  0%| F|  |TAMS 0x0000000092700000, 0x0000000092700000| Untracked 
| 296|0x0000000092800000, 0x0000000092800000, 0x0000000092900000|  0%| F|  |TAMS 0x0000000092800000, 0x0000000092800000| Untracked 
| 297|0x0000000092900000, 0x0000000092900000, 0x0000000092a00000|  0%| F|  |TAMS 0x0000000092900000, 0x0000000092900000| Untracked 
| 298|0x0000000092a00000, 0x0000000092a00000, 0x0000000092b00000|  0%| F|  |TAMS 0x0000000092a00000, 0x0000000092a00000| Untracked 
| 299|0x0000000092b00000, 0x0000000092b00000, 0x0000000092c00000|  0%| F|  |TAMS 0x0000000092b00000, 0x0000000092b00000| Untracked 
| 300|0x0000000092c00000, 0x0000000092c00000, 0x0000000092d00000|  0%| F|  |TAMS 0x0000000092c00000, 0x0000000092c00000| Untracked 
| 301|0x0000000092d00000, 0x0000000092d00000, 0x0000000092e00000|  0%| F|  |TAMS 0x0000000092d00000, 0x0000000092d00000| Untracked 
| 302|0x0000000092e00000, 0x0000000092e00000, 0x0000000092f00000|  0%| F|  |TAMS 0x0000000092e00000, 0x0000000092e00000| Untracked 
| 303|0x0000000092f00000, 0x0000000092f00000, 0x0000000093000000|  0%| F|  |TAMS 0x0000000092f00000, 0x0000000092f00000| Untracked 
| 304|0x0000000093000000, 0x0000000093000000, 0x0000000093100000|  0%| F|  |TAMS 0x0000000093000000, 0x0000000093000000| Untracked 
| 305|0x0000000093100000, 0x0000000093100000, 0x0000000093200000|  0%| F|  |TAMS 0x0000000093100000, 0x0000000093100000| Untracked 
| 306|0x0000000093200000, 0x0000000093200000, 0x0000000093300000|  0%| F|  |TAMS 0x0000000093200000, 0x0000000093200000| Untracked 
| 307|0x0000000093300000, 0x0000000093300000, 0x0000000093400000|  0%| F|  |TAMS 0x0000000093300000, 0x0000000093300000| Untracked 
| 308|0x0000000093400000, 0x0000000093400000, 0x0000000093500000|  0%| F|  |TAMS 0x0000000093400000, 0x0000000093400000| Untracked 
| 309|0x0000000093500000, 0x0000000093500000, 0x0000000093600000|  0%| F|  |TAMS 0x0000000093500000, 0x0000000093500000| Untracked 
| 310|0x0000000093600000, 0x0000000093600000, 0x0000000093700000|  0%| F|  |TAMS 0x0000000093600000, 0x0000000093600000| Untracked 
| 311|0x0000000093700000, 0x0000000093700000, 0x0000000093800000|  0%| F|  |TAMS 0x0000000093700000, 0x0000000093700000| Untracked 
| 312|0x0000000093800000, 0x0000000093800000, 0x0000000093900000|  0%| F|  |TAMS 0x0000000093800000, 0x0000000093800000| Untracked 
| 313|0x0000000093900000, 0x0000000093900000, 0x0000000093a00000|  0%| F|  |TAMS 0x0000000093900000, 0x0000000093900000| Untracked 
| 314|0x0000000093a00000, 0x0000000093a00000, 0x0000000093b00000|  0%| F|  |TAMS 0x0000000093a00000, 0x0000000093a00000| Untracked 
| 315|0x0000000093b00000, 0x0000000093b00000, 0x0000000093c00000|  0%| F|  |TAMS 0x0000000093b00000, 0x0000000093b00000| Untracked 
| 316|0x0000000093c00000, 0x0000000093c00000, 0x0000000093d00000|  0%| F|  |TAMS 0x0000000093c00000, 0x0000000093c00000| Untracked 
| 317|0x0000000093d00000, 0x0000000093d00000, 0x0000000093e00000|  0%| F|  |TAMS 0x0000000093d00000, 0x0000000093d00000| Untracked 
| 318|0x0000000093e00000, 0x0000000093e00000, 0x0000000093f00000|  0%| F|  |TAMS 0x0000000093e00000, 0x0000000093e00000| Untracked 
| 319|0x0000000093f00000, 0x0000000093f00000, 0x0000000094000000|  0%| F|  |TAMS 0x0000000093f00000, 0x0000000093f00000| Untracked 
| 320|0x0000000094000000, 0x0000000094000000, 0x0000000094100000|  0%| F|  |TAMS 0x0000000094000000, 0x0000000094000000| Untracked 
| 321|0x0000000094100000, 0x0000000094100000, 0x0000000094200000|  0%| F|  |TAMS 0x0000000094100000, 0x0000000094100000| Untracked 
| 322|0x0000000094200000, 0x0000000094200000, 0x0000000094300000|  0%| F|  |TAMS 0x0000000094200000, 0x0000000094200000| Untracked 
| 323|0x0000000094300000, 0x0000000094300000, 0x0000000094400000|  0%| F|  |TAMS 0x0000000094300000, 0x0000000094300000| Untracked 
| 324|0x0000000094400000, 0x0000000094400000, 0x0000000094500000|  0%| F|  |TAMS 0x0000000094400000, 0x0000000094400000| Untracked 
| 325|0x0000000094500000, 0x0000000094500000, 0x0000000094600000|  0%| F|  |TAMS 0x0000000094500000, 0x0000000094500000| Untracked 
| 326|0x0000000094600000, 0x0000000094600000, 0x0000000094700000|  0%| F|  |TAMS 0x0000000094600000, 0x0000000094600000| Untracked 
| 327|0x0000000094700000, 0x0000000094700000, 0x0000000094800000|  0%| F|  |TAMS 0x0000000094700000, 0x0000000094700000| Untracked 
| 328|0x0000000094800000, 0x0000000094800000, 0x0000000094900000|  0%| F|  |TAMS 0x0000000094800000, 0x0000000094800000| Untracked 
| 329|0x0000000094900000, 0x0000000094900000, 0x0000000094a00000|  0%| F|  |TAMS 0x0000000094900000, 0x0000000094900000| Untracked 
| 330|0x0000000094a00000, 0x0000000094a00000, 0x0000000094b00000|  0%| F|  |TAMS 0x0000000094a00000, 0x0000000094a00000| Untracked 
| 331|0x0000000094b00000, 0x0000000094b00000, 0x0000000094c00000|  0%| F|  |TAMS 0x0000000094b00000, 0x0000000094b00000| Untracked 
| 332|0x0000000094c00000, 0x0000000094c00000, 0x0000000094d00000|  0%| F|  |TAMS 0x0000000094c00000, 0x0000000094c00000| Untracked 
| 333|0x0000000094d00000, 0x0000000094d00000, 0x0000000094e00000|  0%| F|  |TAMS 0x0000000094d00000, 0x0000000094d00000| Untracked 
| 334|0x0000000094e00000, 0x0000000094e00000, 0x0000000094f00000|  0%| F|  |TAMS 0x0000000094e00000, 0x0000000094e00000| Untracked 
| 335|0x0000000094f00000, 0x0000000094f00000, 0x0000000095000000|  0%| F|  |TAMS 0x0000000094f00000, 0x0000000094f00000| Untracked 
| 336|0x0000000095000000, 0x0000000095000000, 0x0000000095100000|  0%| F|  |TAMS 0x0000000095000000, 0x0000000095000000| Untracked 
| 337|0x0000000095100000, 0x0000000095100000, 0x0000000095200000|  0%| F|  |TAMS 0x0000000095100000, 0x0000000095100000| Untracked 
| 338|0x0000000095200000, 0x0000000095200000, 0x0000000095300000|  0%| F|  |TAMS 0x0000000095200000, 0x0000000095200000| Untracked 
| 339|0x0000000095300000, 0x0000000095300000, 0x0000000095400000|  0%| F|  |TAMS 0x0000000095300000, 0x0000000095300000| Untracked 
| 340|0x0000000095400000, 0x0000000095400000, 0x0000000095500000|  0%| F|  |TAMS 0x0000000095400000, 0x0000000095400000| Untracked 
| 341|0x0000000095500000, 0x0000000095500000, 0x0000000095600000|  0%| F|  |TAMS 0x0000000095500000, 0x0000000095500000| Untracked 
| 342|0x0000000095600000, 0x0000000095600000, 0x0000000095700000|  0%| F|  |TAMS 0x0000000095600000, 0x0000000095600000| Untracked 
| 343|0x0000000095700000, 0x0000000095700000, 0x0000000095800000|  0%| F|  |TAMS 0x0000000095700000, 0x0000000095700000| Untracked 
| 344|0x0000000095800000, 0x0000000095800000, 0x0000000095900000|  0%| F|  |TAMS 0x0000000095800000, 0x0000000095800000| Untracked 
| 345|0x0000000095900000, 0x0000000095900000, 0x0000000095a00000|  0%| F|  |TAMS 0x0000000095900000, 0x0000000095900000| Untracked 
| 346|0x0000000095a00000, 0x0000000095a00000, 0x0000000095b00000|  0%| F|  |TAMS 0x0000000095a00000, 0x0000000095a00000| Untracked 
| 347|0x0000000095b00000, 0x0000000095b00000, 0x0000000095c00000|  0%| F|  |TAMS 0x0000000095b00000, 0x0000000095b00000| Untracked 
| 348|0x0000000095c00000, 0x0000000095c00000, 0x0000000095d00000|  0%| F|  |TAMS 0x0000000095c00000, 0x0000000095c00000| Untracked 
| 349|0x0000000095d00000, 0x0000000095d00000, 0x0000000095e00000|  0%| F|  |TAMS 0x0000000095d00000, 0x0000000095d00000| Untracked 
| 350|0x0000000095e00000, 0x0000000095e00000, 0x0000000095f00000|  0%| F|  |TAMS 0x0000000095e00000, 0x0000000095e00000| Untracked 
| 351|0x0000000095f00000, 0x0000000095f00000, 0x0000000096000000|  0%| F|  |TAMS 0x0000000095f00000, 0x0000000095f00000| Untracked 
| 352|0x0000000096000000, 0x0000000096000000, 0x0000000096100000|  0%| F|  |TAMS 0x0000000096000000, 0x0000000096000000| Untracked 
| 353|0x0000000096100000, 0x0000000096100000, 0x0000000096200000|  0%| F|  |TAMS 0x0000000096100000, 0x0000000096100000| Untracked 
| 354|0x0000000096200000, 0x0000000096200000, 0x0000000096300000|  0%| F|  |TAMS 0x0000000096200000, 0x0000000096200000| Untracked 
| 355|0x0000000096300000, 0x0000000096300000, 0x0000000096400000|  0%| F|  |TAMS 0x0000000096300000, 0x0000000096300000| Untracked 
| 356|0x0000000096400000, 0x0000000096400000, 0x0000000096500000|  0%| F|  |TAMS 0x0000000096400000, 0x0000000096400000| Untracked 
| 357|0x0000000096500000, 0x0000000096500000, 0x0000000096600000|  0%| F|  |TAMS 0x0000000096500000, 0x0000000096500000| Untracked 
| 358|0x0000000096600000, 0x0000000096600000, 0x0000000096700000|  0%| F|  |TAMS 0x0000000096600000, 0x0000000096600000| Untracked 
| 359|0x0000000096700000, 0x0000000096700000, 0x0000000096800000|  0%| F|  |TAMS 0x0000000096700000, 0x0000000096700000| Untracked 
| 360|0x0000000096800000, 0x0000000096800000, 0x0000000096900000|  0%| F|  |TAMS 0x0000000096800000, 0x0000000096800000| Untracked 
| 361|0x0000000096900000, 0x0000000096900000, 0x0000000096a00000|  0%| F|  |TAMS 0x0000000096900000, 0x0000000096900000| Untracked 
| 362|0x0000000096a00000, 0x0000000096a00000, 0x0000000096b00000|  0%| F|  |TAMS 0x0000000096a00000, 0x0000000096a00000| Untracked 
| 363|0x0000000096b00000, 0x0000000096b00000, 0x0000000096c00000|  0%| F|  |TAMS 0x0000000096b00000, 0x0000000096b00000| Untracked 
| 364|0x0000000096c00000, 0x0000000096c00000, 0x0000000096d00000|  0%| F|  |TAMS 0x0000000096c00000, 0x0000000096c00000| Untracked 
| 365|0x0000000096d00000, 0x0000000096d00000, 0x0000000096e00000|  0%| F|  |TAMS 0x0000000096d00000, 0x0000000096d00000| Untracked 
| 366|0x0000000096e00000, 0x0000000096e00000, 0x0000000096f00000|  0%| F|  |TAMS 0x0000000096e00000, 0x0000000096e00000| Untracked 
| 367|0x0000000096f00000, 0x0000000096f00000, 0x0000000097000000|  0%| F|  |TAMS 0x0000000096f00000, 0x0000000096f00000| Untracked 
| 368|0x0000000097000000, 0x0000000097000000, 0x0000000097100000|  0%| F|  |TAMS 0x0000000097000000, 0x0000000097000000| Untracked 
| 369|0x0000000097100000, 0x0000000097100000, 0x0000000097200000|  0%| F|  |TAMS 0x0000000097100000, 0x0000000097100000| Untracked 
| 370|0x0000000097200000, 0x0000000097200000, 0x0000000097300000|  0%| F|  |TAMS 0x0000000097200000, 0x0000000097200000| Untracked 
| 371|0x0000000097300000, 0x0000000097300000, 0x0000000097400000|  0%| F|  |TAMS 0x0000000097300000, 0x0000000097300000| Untracked 
| 372|0x0000000097400000, 0x0000000097400000, 0x0000000097500000|  0%| F|  |TAMS 0x0000000097400000, 0x0000000097400000| Untracked 
| 373|0x0000000097500000, 0x0000000097500000, 0x0000000097600000|  0%| F|  |TAMS 0x0000000097500000, 0x0000000097500000| Untracked 
| 374|0x0000000097600000, 0x0000000097600000, 0x0000000097700000|  0%| F|  |TAMS 0x0000000097600000, 0x0000000097600000| Untracked 
| 375|0x0000000097700000, 0x0000000097700000, 0x0000000097800000|  0%| F|  |TAMS 0x0000000097700000, 0x0000000097700000| Untracked 
| 376|0x0000000097800000, 0x0000000097800000, 0x0000000097900000|  0%| F|  |TAMS 0x0000000097800000, 0x0000000097800000| Untracked 
| 377|0x0000000097900000, 0x0000000097900000, 0x0000000097a00000|  0%| F|  |TAMS 0x0000000097900000, 0x0000000097900000| Untracked 
| 378|0x0000000097a00000, 0x0000000097a00000, 0x0000000097b00000|  0%| F|  |TAMS 0x0000000097a00000, 0x0000000097a00000| Untracked 
| 379|0x0000000097b00000, 0x0000000097b00000, 0x0000000097c00000|  0%| F|  |TAMS 0x0000000097b00000, 0x0000000097b00000| Untracked 
| 380|0x0000000097c00000, 0x0000000097c00000, 0x0000000097d00000|  0%| F|  |TAMS 0x0000000097c00000, 0x0000000097c00000| Untracked 
| 381|0x0000000097d00000, 0x0000000097d00000, 0x0000000097e00000|  0%| F|  |TAMS 0x0000000097d00000, 0x0000000097d00000| Untracked 
| 382|0x0000000097e00000, 0x0000000097e00000, 0x0000000097f00000|  0%| F|  |TAMS 0x0000000097e00000, 0x0000000097e00000| Untracked 
| 383|0x0000000097f00000, 0x0000000097f80800, 0x0000000098000000| 50%| E|  |TAMS 0x0000000097f00000, 0x0000000097f00000| Complete 
| 384|0x0000000098000000, 0x0000000098100000, 0x0000000098100000|100%| E|CS|TAMS 0x0000000098000000, 0x0000000098000000| Complete 
| 385|0x0000000098100000, 0x0000000098200000, 0x0000000098200000|100%| E|CS|TAMS 0x0000000098100000, 0x0000000098100000| Complete 
| 386|0x0000000098200000, 0x0000000098300000, 0x0000000098300000|100%| E|CS|TAMS 0x0000000098200000, 0x0000000098200000| Complete 
| 387|0x0000000098300000, 0x0000000098400000, 0x0000000098400000|100%| E|CS|TAMS 0x0000000098300000, 0x0000000098300000| Complete 
| 388|0x0000000098400000, 0x0000000098500000, 0x0000000098500000|100%| E|CS|TAMS 0x0000000098400000, 0x0000000098400000| Complete 
| 389|0x0000000098500000, 0x0000000098600000, 0x0000000098600000|100%| E|CS|TAMS 0x0000000098500000, 0x0000000098500000| Complete 
| 390|0x0000000098600000, 0x0000000098700000, 0x0000000098700000|100%| E|CS|TAMS 0x0000000098600000, 0x0000000098600000| Complete 
| 391|0x0000000098700000, 0x0000000098800000, 0x0000000098800000|100%| E|CS|TAMS 0x0000000098700000, 0x0000000098700000| Complete 
| 392|0x0000000098800000, 0x0000000098900000, 0x0000000098900000|100%| E|CS|TAMS 0x0000000098800000, 0x0000000098800000| Complete 
| 393|0x0000000098900000, 0x0000000098a00000, 0x0000000098a00000|100%| E|CS|TAMS 0x0000000098900000, 0x0000000098900000| Complete 
| 394|0x0000000098a00000, 0x0000000098b00000, 0x0000000098b00000|100%| E|CS|TAMS 0x0000000098a00000, 0x0000000098a00000| Complete 
| 395|0x0000000098b00000, 0x0000000098c00000, 0x0000000098c00000|100%| E|CS|TAMS 0x0000000098b00000, 0x0000000098b00000| Complete 
| 396|0x0000000098c00000, 0x0000000098d00000, 0x0000000098d00000|100%| E|CS|TAMS 0x0000000098c00000, 0x0000000098c00000| Complete 
| 397|0x0000000098d00000, 0x0000000098e00000, 0x0000000098e00000|100%| E|CS|TAMS 0x0000000098d00000, 0x0000000098d00000| Complete 
| 398|0x0000000098e00000, 0x0000000098f00000, 0x0000000098f00000|100%| E|CS|TAMS 0x0000000098e00000, 0x0000000098e00000| Complete 
| 399|0x0000000098f00000, 0x0000000099000000, 0x0000000099000000|100%| E|CS|TAMS 0x0000000098f00000, 0x0000000098f00000| Complete 
| 400|0x0000000099000000, 0x0000000099100000, 0x0000000099100000|100%| E|CS|TAMS 0x0000000099000000, 0x0000000099000000| Complete 
| 401|0x0000000099100000, 0x0000000099200000, 0x0000000099200000|100%| E|CS|TAMS 0x0000000099100000, 0x0000000099100000| Complete 
| 402|0x0000000099200000, 0x0000000099300000, 0x0000000099300000|100%| E|CS|TAMS 0x0000000099200000, 0x0000000099200000| Complete 
| 403|0x0000000099300000, 0x0000000099400000, 0x0000000099400000|100%| E|CS|TAMS 0x0000000099300000, 0x0000000099300000| Complete 
| 404|0x0000000099400000, 0x0000000099500000, 0x0000000099500000|100%| E|CS|TAMS 0x0000000099400000, 0x0000000099400000| Complete 
| 405|0x0000000099500000, 0x0000000099600000, 0x0000000099600000|100%| E|CS|TAMS 0x0000000099500000, 0x0000000099500000| Complete 
| 406|0x0000000099600000, 0x0000000099700000, 0x0000000099700000|100%| E|CS|TAMS 0x0000000099600000, 0x0000000099600000| Complete 
| 407|0x0000000099700000, 0x0000000099800000, 0x0000000099800000|100%| E|CS|TAMS 0x0000000099700000, 0x0000000099700000| Complete 
| 408|0x0000000099800000, 0x0000000099900000, 0x0000000099900000|100%| E|CS|TAMS 0x0000000099800000, 0x0000000099800000| Complete 
| 409|0x0000000099900000, 0x0000000099a00000, 0x0000000099a00000|100%| E|CS|TAMS 0x0000000099900000, 0x0000000099900000| Complete 
| 410|0x0000000099a00000, 0x0000000099b00000, 0x0000000099b00000|100%| E|CS|TAMS 0x0000000099a00000, 0x0000000099a00000| Complete 
| 411|0x0000000099b00000, 0x0000000099c00000, 0x0000000099c00000|100%| E|CS|TAMS 0x0000000099b00000, 0x0000000099b00000| Complete 
| 412|0x0000000099c00000, 0x0000000099d00000, 0x0000000099d00000|100%| E|CS|TAMS 0x0000000099c00000, 0x0000000099c00000| Complete 
| 413|0x0000000099d00000, 0x0000000099e00000, 0x0000000099e00000|100%| E|CS|TAMS 0x0000000099d00000, 0x0000000099d00000| Complete 
| 414|0x0000000099e00000, 0x0000000099f00000, 0x0000000099f00000|100%| E|CS|TAMS 0x0000000099e00000, 0x0000000099e00000| Complete 
| 415|0x0000000099f00000, 0x000000009a000000, 0x000000009a000000|100%| E|CS|TAMS 0x0000000099f00000, 0x0000000099f00000| Complete 
| 416|0x000000009a000000, 0x000000009a100000, 0x000000009a100000|100%| E|CS|TAMS 0x000000009a000000, 0x000000009a000000| Complete 
| 417|0x000000009a100000, 0x000000009a200000, 0x000000009a200000|100%| E|CS|TAMS 0x000000009a100000, 0x000000009a100000| Complete 
| 418|0x000000009a200000, 0x000000009a300000, 0x000000009a300000|100%| E|CS|TAMS 0x000000009a200000, 0x000000009a200000| Complete 
| 419|0x000000009a300000, 0x000000009a400000, 0x000000009a400000|100%| E|CS|TAMS 0x000000009a300000, 0x000000009a300000| Complete 
| 420|0x000000009a400000, 0x000000009a500000, 0x000000009a500000|100%| E|CS|TAMS 0x000000009a400000, 0x000000009a400000| Complete 
| 421|0x000000009a500000, 0x000000009a600000, 0x000000009a600000|100%| E|CS|TAMS 0x000000009a500000, 0x000000009a500000| Complete 
| 422|0x000000009a600000, 0x000000009a700000, 0x000000009a700000|100%| E|CS|TAMS 0x000000009a600000, 0x000000009a600000| Complete 
| 423|0x000000009a700000, 0x000000009a800000, 0x000000009a800000|100%| E|CS|TAMS 0x000000009a700000, 0x000000009a700000| Complete 
| 424|0x000000009a800000, 0x000000009a900000, 0x000000009a900000|100%| E|CS|TAMS 0x000000009a800000, 0x000000009a800000| Complete 
| 425|0x000000009a900000, 0x000000009aa00000, 0x000000009aa00000|100%| E|CS|TAMS 0x000000009a900000, 0x000000009a900000| Complete 
| 426|0x000000009aa00000, 0x000000009ab00000, 0x000000009ab00000|100%| E|CS|TAMS 0x000000009aa00000, 0x000000009aa00000| Complete 
| 427|0x000000009ab00000, 0x000000009ac00000, 0x000000009ac00000|100%| E|CS|TAMS 0x000000009ab00000, 0x000000009ab00000| Complete 
| 428|0x000000009ac00000, 0x000000009ad00000, 0x000000009ad00000|100%| E|CS|TAMS 0x000000009ac00000, 0x000000009ac00000| Complete 
| 429|0x000000009ad00000, 0x000000009ae00000, 0x000000009ae00000|100%| E|CS|TAMS 0x000000009ad00000, 0x000000009ad00000| Complete 
| 430|0x000000009ae00000, 0x000000009af00000, 0x000000009af00000|100%| E|CS|TAMS 0x000000009ae00000, 0x000000009ae00000| Complete 
| 431|0x000000009af00000, 0x000000009b000000, 0x000000009b000000|100%| E|CS|TAMS 0x000000009af00000, 0x000000009af00000| Complete 
| 432|0x000000009b000000, 0x000000009b100000, 0x000000009b100000|100%| E|CS|TAMS 0x000000009b000000, 0x000000009b000000| Complete 
| 433|0x000000009b100000, 0x000000009b200000, 0x000000009b200000|100%| E|CS|TAMS 0x000000009b100000, 0x000000009b100000| Complete 
| 434|0x000000009b200000, 0x000000009b300000, 0x000000009b300000|100%| E|  |TAMS 0x000000009b200000, 0x000000009b200000| Complete 
| 435|0x000000009b300000, 0x000000009b400000, 0x000000009b400000|100%| E|CS|TAMS 0x000000009b300000, 0x000000009b300000| Complete 
| 436|0x000000009b400000, 0x000000009b500000, 0x000000009b500000|100%| E|CS|TAMS 0x000000009b400000, 0x000000009b400000| Complete 
| 437|0x000000009b500000, 0x000000009b600000, 0x000000009b600000|100%| E|CS|TAMS 0x000000009b500000, 0x000000009b500000| Complete 
| 438|0x000000009b600000, 0x000000009b700000, 0x000000009b700000|100%| E|CS|TAMS 0x000000009b600000, 0x000000009b600000| Complete 
| 439|0x000000009b700000, 0x000000009b800000, 0x000000009b800000|100%| E|CS|TAMS 0x000000009b700000, 0x000000009b700000| Complete 
| 440|0x000000009b800000, 0x000000009b900000, 0x000000009b900000|100%| E|CS|TAMS 0x000000009b800000, 0x000000009b800000| Complete 
| 441|0x000000009b900000, 0x000000009ba00000, 0x000000009ba00000|100%| E|CS|TAMS 0x000000009b900000, 0x000000009b900000| Complete 
| 442|0x000000009ba00000, 0x000000009bb00000, 0x000000009bb00000|100%| E|CS|TAMS 0x000000009ba00000, 0x000000009ba00000| Complete 
| 443|0x000000009bb00000, 0x000000009bc00000, 0x000000009bc00000|100%| E|CS|TAMS 0x000000009bb00000, 0x000000009bb00000| Complete 
| 444|0x000000009bc00000, 0x000000009bd00000, 0x000000009bd00000|100%| E|CS|TAMS 0x000000009bc00000, 0x000000009bc00000| Complete 
| 445|0x000000009bd00000, 0x000000009be00000, 0x000000009be00000|100%| E|CS|TAMS 0x000000009bd00000, 0x000000009bd00000| Complete 
| 446|0x000000009be00000, 0x000000009bf00000, 0x000000009bf00000|100%| E|CS|TAMS 0x000000009be00000, 0x000000009be00000| Complete 
| 447|0x000000009bf00000, 0x000000009c000000, 0x000000009c000000|100%| E|CS|TAMS 0x000000009bf00000, 0x000000009bf00000| Complete 
| 448|0x000000009c000000, 0x000000009c100000, 0x000000009c100000|100%| E|CS|TAMS 0x000000009c000000, 0x000000009c000000| Complete 
| 449|0x000000009c100000, 0x000000009c200000, 0x000000009c200000|100%| E|CS|TAMS 0x000000009c100000, 0x000000009c100000| Complete 
| 450|0x000000009c200000, 0x000000009c300000, 0x000000009c300000|100%| E|CS|TAMS 0x000000009c200000, 0x000000009c200000| Complete 
| 451|0x000000009c300000, 0x000000009c400000, 0x000000009c400000|100%| E|CS|TAMS 0x000000009c300000, 0x000000009c300000| Complete 
| 452|0x000000009c400000, 0x000000009c500000, 0x000000009c500000|100%| E|CS|TAMS 0x000000009c400000, 0x000000009c400000| Complete 
| 453|0x000000009c500000, 0x000000009c600000, 0x000000009c600000|100%| E|CS|TAMS 0x000000009c500000, 0x000000009c500000| Complete 
| 454|0x000000009c600000, 0x000000009c700000, 0x000000009c700000|100%| E|CS|TAMS 0x000000009c600000, 0x000000009c600000| Complete 
| 455|0x000000009c700000, 0x000000009c800000, 0x000000009c800000|100%| E|CS|TAMS 0x000000009c700000, 0x000000009c700000| Complete 
| 456|0x000000009c800000, 0x000000009c900000, 0x000000009c900000|100%| E|CS|TAMS 0x000000009c800000, 0x000000009c800000| Complete 
| 457|0x000000009c900000, 0x000000009ca00000, 0x000000009ca00000|100%| E|CS|TAMS 0x000000009c900000, 0x000000009c900000| Complete 
| 458|0x000000009ca00000, 0x000000009cb00000, 0x000000009cb00000|100%| E|CS|TAMS 0x000000009ca00000, 0x000000009ca00000| Complete 
| 459|0x000000009cb00000, 0x000000009cc00000, 0x000000009cc00000|100%| E|CS|TAMS 0x000000009cb00000, 0x000000009cb00000| Complete 
| 460|0x000000009cc00000, 0x000000009cd00000, 0x000000009cd00000|100%| E|CS|TAMS 0x000000009cc00000, 0x000000009cc00000| Complete 
| 461|0x000000009cd00000, 0x000000009ce00000, 0x000000009ce00000|100%| E|CS|TAMS 0x000000009cd00000, 0x000000009cd00000| Complete 
| 462|0x000000009ce00000, 0x000000009cf00000, 0x000000009cf00000|100%| E|CS|TAMS 0x000000009ce00000, 0x000000009ce00000| Complete 
| 463|0x000000009cf00000, 0x000000009d000000, 0x000000009d000000|100%| E|CS|TAMS 0x000000009cf00000, 0x000000009cf00000| Complete 
| 464|0x000000009d000000, 0x000000009d100000, 0x000000009d100000|100%| E|CS|TAMS 0x000000009d000000, 0x000000009d000000| Complete 
| 465|0x000000009d100000, 0x000000009d200000, 0x000000009d200000|100%| E|CS|TAMS 0x000000009d100000, 0x000000009d100000| Complete 
| 466|0x000000009d200000, 0x000000009d300000, 0x000000009d300000|100%| E|CS|TAMS 0x000000009d200000, 0x000000009d200000| Complete 
| 467|0x000000009d300000, 0x000000009d400000, 0x000000009d400000|100%| E|CS|TAMS 0x000000009d300000, 0x000000009d300000| Complete 
| 468|0x000000009d400000, 0x000000009d500000, 0x000000009d500000|100%| E|CS|TAMS 0x000000009d400000, 0x000000009d400000| Complete 
| 469|0x000000009d500000, 0x000000009d600000, 0x000000009d600000|100%| E|CS|TAMS 0x000000009d500000, 0x000000009d500000| Complete 
| 470|0x000000009d600000, 0x000000009d700000, 0x000000009d700000|100%| E|CS|TAMS 0x000000009d600000, 0x000000009d600000| Complete 
| 471|0x000000009d700000, 0x000000009d800000, 0x000000009d800000|100%| E|CS|TAMS 0x000000009d700000, 0x000000009d700000| Complete 
| 472|0x000000009d800000, 0x000000009d900000, 0x000000009d900000|100%| E|CS|TAMS 0x000000009d800000, 0x000000009d800000| Complete 
| 473|0x000000009d900000, 0x000000009da00000, 0x000000009da00000|100%| E|CS|TAMS 0x000000009d900000, 0x000000009d900000| Complete 
| 474|0x000000009da00000, 0x000000009db00000, 0x000000009db00000|100%| E|CS|TAMS 0x000000009da00000, 0x000000009da00000| Complete 
| 475|0x000000009db00000, 0x000000009dc00000, 0x000000009dc00000|100%| E|CS|TAMS 0x000000009db00000, 0x000000009db00000| Complete 
| 476|0x000000009dc00000, 0x000000009dd00000, 0x000000009dd00000|100%| E|CS|TAMS 0x000000009dc00000, 0x000000009dc00000| Complete 
| 477|0x000000009dd00000, 0x000000009de00000, 0x000000009de00000|100%| E|CS|TAMS 0x000000009dd00000, 0x000000009dd00000| Complete 
| 478|0x000000009de00000, 0x000000009df00000, 0x000000009df00000|100%| E|CS|TAMS 0x000000009de00000, 0x000000009de00000| Complete 
| 479|0x000000009df00000, 0x000000009e000000, 0x000000009e000000|100%| E|CS|TAMS 0x000000009df00000, 0x000000009df00000| Complete 
| 480|0x000000009e000000, 0x000000009e100000, 0x000000009e100000|100%| E|CS|TAMS 0x000000009e000000, 0x000000009e000000| Complete 
| 481|0x000000009e100000, 0x000000009e200000, 0x000000009e200000|100%| E|CS|TAMS 0x000000009e100000, 0x000000009e100000| Complete 
| 482|0x000000009e200000, 0x000000009e300000, 0x000000009e300000|100%| E|CS|TAMS 0x000000009e200000, 0x000000009e200000| Complete 
| 483|0x000000009e300000, 0x000000009e400000, 0x000000009e400000|100%| E|CS|TAMS 0x000000009e300000, 0x000000009e300000| Complete 
| 484|0x000000009e400000, 0x000000009e500000, 0x000000009e500000|100%| E|CS|TAMS 0x000000009e400000, 0x000000009e400000| Complete 
| 485|0x000000009e500000, 0x000000009e600000, 0x000000009e600000|100%| E|CS|TAMS 0x000000009e500000, 0x000000009e500000| Complete 
| 486|0x000000009e600000, 0x000000009e700000, 0x000000009e700000|100%| E|CS|TAMS 0x000000009e600000, 0x000000009e600000| Complete 
| 487|0x000000009e700000, 0x000000009e800000, 0x000000009e800000|100%| E|CS|TAMS 0x000000009e700000, 0x000000009e700000| Complete 
| 488|0x000000009e800000, 0x000000009e900000, 0x000000009e900000|100%| E|CS|TAMS 0x000000009e800000, 0x000000009e800000| Complete 
| 489|0x000000009e900000, 0x000000009ea00000, 0x000000009ea00000|100%| E|CS|TAMS 0x000000009e900000, 0x000000009e900000| Complete 
| 490|0x000000009ea00000, 0x000000009eb00000, 0x000000009eb00000|100%| E|CS|TAMS 0x000000009ea00000, 0x000000009ea00000| Complete 
| 491|0x000000009eb00000, 0x000000009ec00000, 0x000000009ec00000|100%| E|CS|TAMS 0x000000009eb00000, 0x000000009eb00000| Complete 
| 492|0x000000009ec00000, 0x000000009ed00000, 0x000000009ed00000|100%| E|CS|TAMS 0x000000009ec00000, 0x000000009ec00000| Complete 
| 493|0x000000009ed00000, 0x000000009ee00000, 0x000000009ee00000|100%| E|CS|TAMS 0x000000009ed00000, 0x000000009ed00000| Complete 
| 494|0x000000009ee00000, 0x000000009ef00000, 0x000000009ef00000|100%| E|CS|TAMS 0x000000009ee00000, 0x000000009ee00000| Complete 
| 495|0x000000009ef00000, 0x000000009f000000, 0x000000009f000000|100%| E|CS|TAMS 0x000000009ef00000, 0x000000009ef00000| Complete 
| 496|0x000000009f000000, 0x000000009f100000, 0x000000009f100000|100%| E|CS|TAMS 0x000000009f000000, 0x000000009f000000| Complete 
| 497|0x000000009f100000, 0x000000009f200000, 0x000000009f200000|100%| E|CS|TAMS 0x000000009f100000, 0x000000009f100000| Complete 
| 498|0x000000009f200000, 0x000000009f300000, 0x000000009f300000|100%| E|CS|TAMS 0x000000009f200000, 0x000000009f200000| Complete 
| 499|0x000000009f300000, 0x000000009f400000, 0x000000009f400000|100%| E|CS|TAMS 0x000000009f300000, 0x000000009f300000| Complete 
| 500|0x000000009f400000, 0x000000009f500000, 0x000000009f500000|100%| E|CS|TAMS 0x000000009f400000, 0x000000009f400000| Complete 
| 501|0x000000009f500000, 0x000000009f600000, 0x000000009f600000|100%| E|CS|TAMS 0x000000009f500000, 0x000000009f500000| Complete 
| 502|0x000000009f600000, 0x000000009f700000, 0x000000009f700000|100%| E|CS|TAMS 0x000000009f600000, 0x000000009f600000| Complete 
| 503|0x000000009f700000, 0x000000009f800000, 0x000000009f800000|100%| E|CS|TAMS 0x000000009f700000, 0x000000009f700000| Complete 
| 504|0x000000009f800000, 0x000000009f900000, 0x000000009f900000|100%| E|CS|TAMS 0x000000009f800000, 0x000000009f800000| Complete 
| 505|0x000000009f900000, 0x000000009fa00000, 0x000000009fa00000|100%| E|CS|TAMS 0x000000009f900000, 0x000000009f900000| Complete 
| 506|0x000000009fa00000, 0x000000009fb00000, 0x000000009fb00000|100%| E|CS|TAMS 0x000000009fa00000, 0x000000009fa00000| Complete 
| 507|0x000000009fb00000, 0x000000009fc00000, 0x000000009fc00000|100%| E|CS|TAMS 0x000000009fb00000, 0x000000009fb00000| Complete 
| 508|0x000000009fc00000, 0x000000009fd00000, 0x000000009fd00000|100%| E|CS|TAMS 0x000000009fc00000, 0x000000009fc00000| Complete 
| 509|0x000000009fd00000, 0x000000009fe00000, 0x000000009fe00000|100%| E|CS|TAMS 0x000000009fd00000, 0x000000009fd00000| Complete 
| 510|0x000000009fe00000, 0x000000009ff00000, 0x000000009ff00000|100%| E|CS|TAMS 0x000000009fe00000, 0x000000009fe00000| Complete 
| 511|0x000000009ff00000, 0x00000000a0000000, 0x00000000a0000000|100%| E|CS|TAMS 0x000000009ff00000, 0x000000009ff00000| Complete 
| 512|0x00000000a0000000, 0x00000000a0100000, 0x00000000a0100000|100%| E|CS|TAMS 0x00000000a0000000, 0x00000000a0000000| Complete 
| 513|0x00000000a0100000, 0x00000000a0200000, 0x00000000a0200000|100%| E|CS|TAMS 0x00000000a0100000, 0x00000000a0100000| Complete 
| 514|0x00000000a0200000, 0x00000000a0300000, 0x00000000a0300000|100%| E|CS|TAMS 0x00000000a0200000, 0x00000000a0200000| Complete 
| 515|0x00000000a0300000, 0x00000000a0400000, 0x00000000a0400000|100%| E|CS|TAMS 0x00000000a0300000, 0x00000000a0300000| Complete 
| 516|0x00000000a0400000, 0x00000000a0500000, 0x00000000a0500000|100%| E|CS|TAMS 0x00000000a0400000, 0x00000000a0400000| Complete 
| 517|0x00000000a0500000, 0x00000000a0600000, 0x00000000a0600000|100%| E|CS|TAMS 0x00000000a0500000, 0x00000000a0500000| Complete 
| 518|0x00000000a0600000, 0x00000000a0700000, 0x00000000a0700000|100%| E|CS|TAMS 0x00000000a0600000, 0x00000000a0600000| Complete 
| 519|0x00000000a0700000, 0x00000000a0800000, 0x00000000a0800000|100%| E|CS|TAMS 0x00000000a0700000, 0x00000000a0700000| Complete 
| 520|0x00000000a0800000, 0x00000000a0900000, 0x00000000a0900000|100%| E|CS|TAMS 0x00000000a0800000, 0x00000000a0800000| Complete 
| 521|0x00000000a0900000, 0x00000000a0a00000, 0x00000000a0a00000|100%| E|CS|TAMS 0x00000000a0900000, 0x00000000a0900000| Complete 
| 522|0x00000000a0a00000, 0x00000000a0b00000, 0x00000000a0b00000|100%| E|CS|TAMS 0x00000000a0a00000, 0x00000000a0a00000| Complete 
| 523|0x00000000a0b00000, 0x00000000a0c00000, 0x00000000a0c00000|100%| E|CS|TAMS 0x00000000a0b00000, 0x00000000a0b00000| Complete 
| 524|0x00000000a0c00000, 0x00000000a0d00000, 0x00000000a0d00000|100%| E|CS|TAMS 0x00000000a0c00000, 0x00000000a0c00000| Complete 
| 525|0x00000000a0d00000, 0x00000000a0e00000, 0x00000000a0e00000|100%| E|CS|TAMS 0x00000000a0d00000, 0x00000000a0d00000| Complete 
| 526|0x00000000a0e00000, 0x00000000a0f00000, 0x00000000a0f00000|100%| E|CS|TAMS 0x00000000a0e00000, 0x00000000a0e00000| Complete 
| 527|0x00000000a0f00000, 0x00000000a1000000, 0x00000000a1000000|100%| E|CS|TAMS 0x00000000a0f00000, 0x00000000a0f00000| Complete 
| 528|0x00000000a1000000, 0x00000000a1100000, 0x00000000a1100000|100%| E|CS|TAMS 0x00000000a1000000, 0x00000000a1000000| Complete 
| 529|0x00000000a1100000, 0x00000000a1200000, 0x00000000a1200000|100%| E|CS|TAMS 0x00000000a1100000, 0x00000000a1100000| Complete 
| 530|0x00000000a1200000, 0x00000000a1300000, 0x00000000a1300000|100%| E|CS|TAMS 0x00000000a1200000, 0x00000000a1200000| Complete 
| 531|0x00000000a1300000, 0x00000000a1400000, 0x00000000a1400000|100%| E|CS|TAMS 0x00000000a1300000, 0x00000000a1300000| Complete 
| 532|0x00000000a1400000, 0x00000000a1500000, 0x00000000a1500000|100%| E|CS|TAMS 0x00000000a1400000, 0x00000000a1400000| Complete 
| 533|0x00000000a1500000, 0x00000000a1600000, 0x00000000a1600000|100%| E|CS|TAMS 0x00000000a1500000, 0x00000000a1500000| Complete 
| 534|0x00000000a1600000, 0x00000000a1700000, 0x00000000a1700000|100%| E|CS|TAMS 0x00000000a1600000, 0x00000000a1600000| Complete 
| 535|0x00000000a1700000, 0x00000000a1800000, 0x00000000a1800000|100%| E|CS|TAMS 0x00000000a1700000, 0x00000000a1700000| Complete 
| 536|0x00000000a1800000, 0x00000000a1900000, 0x00000000a1900000|100%| E|CS|TAMS 0x00000000a1800000, 0x00000000a1800000| Complete 
| 537|0x00000000a1900000, 0x00000000a1a00000, 0x00000000a1a00000|100%| E|CS|TAMS 0x00000000a1900000, 0x00000000a1900000| Complete 
| 538|0x00000000a1a00000, 0x00000000a1b00000, 0x00000000a1b00000|100%| E|CS|TAMS 0x00000000a1a00000, 0x00000000a1a00000| Complete 
| 539|0x00000000a1b00000, 0x00000000a1c00000, 0x00000000a1c00000|100%| E|CS|TAMS 0x00000000a1b00000, 0x00000000a1b00000| Complete 
| 540|0x00000000a1c00000, 0x00000000a1d00000, 0x00000000a1d00000|100%| E|CS|TAMS 0x00000000a1c00000, 0x00000000a1c00000| Complete 
| 541|0x00000000a1d00000, 0x00000000a1e00000, 0x00000000a1e00000|100%| E|CS|TAMS 0x00000000a1d00000, 0x00000000a1d00000| Complete 
| 542|0x00000000a1e00000, 0x00000000a1f00000, 0x00000000a1f00000|100%| E|CS|TAMS 0x00000000a1e00000, 0x00000000a1e00000| Complete 
| 543|0x00000000a1f00000, 0x00000000a2000000, 0x00000000a2000000|100%| E|CS|TAMS 0x00000000a1f00000, 0x00000000a1f00000| Complete 
| 544|0x00000000a2000000, 0x00000000a2100000, 0x00000000a2100000|100%| E|CS|TAMS 0x00000000a2000000, 0x00000000a2000000| Complete 
| 545|0x00000000a2100000, 0x00000000a2200000, 0x00000000a2200000|100%| E|CS|TAMS 0x00000000a2100000, 0x00000000a2100000| Complete 
| 546|0x00000000a2200000, 0x00000000a2300000, 0x00000000a2300000|100%| E|CS|TAMS 0x00000000a2200000, 0x00000000a2200000| Complete 
| 547|0x00000000a2300000, 0x00000000a2400000, 0x00000000a2400000|100%| E|CS|TAMS 0x00000000a2300000, 0x00000000a2300000| Complete 
| 548|0x00000000a2400000, 0x00000000a2500000, 0x00000000a2500000|100%| E|CS|TAMS 0x00000000a2400000, 0x00000000a2400000| Complete 
| 549|0x00000000a2500000, 0x00000000a2600000, 0x00000000a2600000|100%| E|CS|TAMS 0x00000000a2500000, 0x00000000a2500000| Complete 
| 550|0x00000000a2600000, 0x00000000a2700000, 0x00000000a2700000|100%| E|CS|TAMS 0x00000000a2600000, 0x00000000a2600000| Complete 
| 551|0x00000000a2700000, 0x00000000a2800000, 0x00000000a2800000|100%| E|CS|TAMS 0x00000000a2700000, 0x00000000a2700000| Complete 
| 552|0x00000000a2800000, 0x00000000a2900000, 0x00000000a2900000|100%| E|CS|TAMS 0x00000000a2800000, 0x00000000a2800000| Complete 
| 553|0x00000000a2900000, 0x00000000a2a00000, 0x00000000a2a00000|100%| E|CS|TAMS 0x00000000a2900000, 0x00000000a2900000| Complete 
| 554|0x00000000a2a00000, 0x00000000a2b00000, 0x00000000a2b00000|100%| E|CS|TAMS 0x00000000a2a00000, 0x00000000a2a00000| Complete 
| 555|0x00000000a2b00000, 0x00000000a2c00000, 0x00000000a2c00000|100%| E|CS|TAMS 0x00000000a2b00000, 0x00000000a2b00000| Complete 
| 556|0x00000000a2c00000, 0x00000000a2d00000, 0x00000000a2d00000|100%| E|CS|TAMS 0x00000000a2c00000, 0x00000000a2c00000| Complete 
| 557|0x00000000a2d00000, 0x00000000a2e00000, 0x00000000a2e00000|100%| E|CS|TAMS 0x00000000a2d00000, 0x00000000a2d00000| Complete 
| 558|0x00000000a2e00000, 0x00000000a2f00000, 0x00000000a2f00000|100%| E|CS|TAMS 0x00000000a2e00000, 0x00000000a2e00000| Complete 
| 559|0x00000000a2f00000, 0x00000000a3000000, 0x00000000a3000000|100%| E|CS|TAMS 0x00000000a2f00000, 0x00000000a2f00000| Complete 
| 560|0x00000000a3000000, 0x00000000a3100000, 0x00000000a3100000|100%| E|CS|TAMS 0x00000000a3000000, 0x00000000a3000000| Complete 
| 561|0x00000000a3100000, 0x00000000a3200000, 0x00000000a3200000|100%| E|CS|TAMS 0x00000000a3100000, 0x00000000a3100000| Complete 
| 562|0x00000000a3200000, 0x00000000a3300000, 0x00000000a3300000|100%| E|CS|TAMS 0x00000000a3200000, 0x00000000a3200000| Complete 
| 563|0x00000000a3300000, 0x00000000a3400000, 0x00000000a3400000|100%| E|CS|TAMS 0x00000000a3300000, 0x00000000a3300000| Complete 
| 564|0x00000000a3400000, 0x00000000a3500000, 0x00000000a3500000|100%| E|CS|TAMS 0x00000000a3400000, 0x00000000a3400000| Complete 
| 565|0x00000000a3500000, 0x00000000a3600000, 0x00000000a3600000|100%| E|CS|TAMS 0x00000000a3500000, 0x00000000a3500000| Complete 
| 566|0x00000000a3600000, 0x00000000a3700000, 0x00000000a3700000|100%| E|CS|TAMS 0x00000000a3600000, 0x00000000a3600000| Complete 
| 567|0x00000000a3700000, 0x00000000a3800000, 0x00000000a3800000|100%| E|CS|TAMS 0x00000000a3700000, 0x00000000a3700000| Complete 
| 568|0x00000000a3800000, 0x00000000a3900000, 0x00000000a3900000|100%| E|CS|TAMS 0x00000000a3800000, 0x00000000a3800000| Complete 
| 569|0x00000000a3900000, 0x00000000a3a00000, 0x00000000a3a00000|100%| E|CS|TAMS 0x00000000a3900000, 0x00000000a3900000| Complete 
| 570|0x00000000a3a00000, 0x00000000a3b00000, 0x00000000a3b00000|100%| E|CS|TAMS 0x00000000a3a00000, 0x00000000a3a00000| Complete 
| 571|0x00000000a3b00000, 0x00000000a3c00000, 0x00000000a3c00000|100%| E|CS|TAMS 0x00000000a3b00000, 0x00000000a3b00000| Complete 
| 572|0x00000000a3c00000, 0x00000000a3d00000, 0x00000000a3d00000|100%| E|CS|TAMS 0x00000000a3c00000, 0x00000000a3c00000| Complete 
| 573|0x00000000a3d00000, 0x00000000a3e00000, 0x00000000a3e00000|100%| E|CS|TAMS 0x00000000a3d00000, 0x00000000a3d00000| Complete 
| 574|0x00000000a3e00000, 0x00000000a3f00000, 0x00000000a3f00000|100%| E|CS|TAMS 0x00000000a3e00000, 0x00000000a3e00000| Complete 
| 575|0x00000000a3f00000, 0x00000000a4000000, 0x00000000a4000000|100%| E|CS|TAMS 0x00000000a3f00000, 0x00000000a3f00000| Complete 
| 576|0x00000000a4000000, 0x00000000a4100000, 0x00000000a4100000|100%| E|CS|TAMS 0x00000000a4000000, 0x00000000a4000000| Complete 
| 577|0x00000000a4100000, 0x00000000a4200000, 0x00000000a4200000|100%| E|CS|TAMS 0x00000000a4100000, 0x00000000a4100000| Complete 
| 578|0x00000000a4200000, 0x00000000a4300000, 0x00000000a4300000|100%| E|CS|TAMS 0x00000000a4200000, 0x00000000a4200000| Complete 
| 579|0x00000000a4300000, 0x00000000a4400000, 0x00000000a4400000|100%| E|CS|TAMS 0x00000000a4300000, 0x00000000a4300000| Complete 
| 580|0x00000000a4400000, 0x00000000a4500000, 0x00000000a4500000|100%| E|CS|TAMS 0x00000000a4400000, 0x00000000a4400000| Complete 
| 581|0x00000000a4500000, 0x00000000a4600000, 0x00000000a4600000|100%| E|CS|TAMS 0x00000000a4500000, 0x00000000a4500000| Complete 
| 582|0x00000000a4600000, 0x00000000a4700000, 0x00000000a4700000|100%| E|CS|TAMS 0x00000000a4600000, 0x00000000a4600000| Complete 
| 583|0x00000000a4700000, 0x00000000a4800000, 0x00000000a4800000|100%| E|CS|TAMS 0x00000000a4700000, 0x00000000a4700000| Complete 
| 584|0x00000000a4800000, 0x00000000a4900000, 0x00000000a4900000|100%| E|CS|TAMS 0x00000000a4800000, 0x00000000a4800000| Complete 
| 585|0x00000000a4900000, 0x00000000a4a00000, 0x00000000a4a00000|100%| E|CS|TAMS 0x00000000a4900000, 0x00000000a4900000| Complete 
| 586|0x00000000a4a00000, 0x00000000a4b00000, 0x00000000a4b00000|100%| E|CS|TAMS 0x00000000a4a00000, 0x00000000a4a00000| Complete 
| 587|0x00000000a4b00000, 0x00000000a4c00000, 0x00000000a4c00000|100%| E|CS|TAMS 0x00000000a4b00000, 0x00000000a4b00000| Complete 
| 588|0x00000000a4c00000, 0x00000000a4d00000, 0x00000000a4d00000|100%| E|CS|TAMS 0x00000000a4c00000, 0x00000000a4c00000| Complete 
| 589|0x00000000a4d00000, 0x00000000a4e00000, 0x00000000a4e00000|100%| E|CS|TAMS 0x00000000a4d00000, 0x00000000a4d00000| Complete 
| 590|0x00000000a4e00000, 0x00000000a4f00000, 0x00000000a4f00000|100%| E|CS|TAMS 0x00000000a4e00000, 0x00000000a4e00000| Complete 
| 591|0x00000000a4f00000, 0x00000000a5000000, 0x00000000a5000000|100%| E|CS|TAMS 0x00000000a4f00000, 0x00000000a4f00000| Complete 
| 592|0x00000000a5000000, 0x00000000a5100000, 0x00000000a5100000|100%| E|CS|TAMS 0x00000000a5000000, 0x00000000a5000000| Complete 
| 593|0x00000000a5100000, 0x00000000a5200000, 0x00000000a5200000|100%| E|CS|TAMS 0x00000000a5100000, 0x00000000a5100000| Complete 
| 594|0x00000000a5200000, 0x00000000a5300000, 0x00000000a5300000|100%| E|CS|TAMS 0x00000000a5200000, 0x00000000a5200000| Complete 
| 595|0x00000000a5300000, 0x00000000a5400000, 0x00000000a5400000|100%| E|CS|TAMS 0x00000000a5300000, 0x00000000a5300000| Complete 
| 596|0x00000000a5400000, 0x00000000a5500000, 0x00000000a5500000|100%| E|CS|TAMS 0x00000000a5400000, 0x00000000a5400000| Complete 
| 597|0x00000000a5500000, 0x00000000a5600000, 0x00000000a5600000|100%| E|CS|TAMS 0x00000000a5500000, 0x00000000a5500000| Complete 
| 598|0x00000000a5600000, 0x00000000a5700000, 0x00000000a5700000|100%| E|CS|TAMS 0x00000000a5600000, 0x00000000a5600000| Complete 
| 599|0x00000000a5700000, 0x00000000a5800000, 0x00000000a5800000|100%| E|CS|TAMS 0x00000000a5700000, 0x00000000a5700000| Complete 
| 600|0x00000000a5800000, 0x00000000a5900000, 0x00000000a5900000|100%| E|CS|TAMS 0x00000000a5800000, 0x00000000a5800000| Complete 
| 601|0x00000000a5900000, 0x00000000a5a00000, 0x00000000a5a00000|100%| E|CS|TAMS 0x00000000a5900000, 0x00000000a5900000| Complete 
| 602|0x00000000a5a00000, 0x00000000a5b00000, 0x00000000a5b00000|100%| E|CS|TAMS 0x00000000a5a00000, 0x00000000a5a00000| Complete 
| 603|0x00000000a5b00000, 0x00000000a5c00000, 0x00000000a5c00000|100%| E|CS|TAMS 0x00000000a5b00000, 0x00000000a5b00000| Complete 
| 604|0x00000000a5c00000, 0x00000000a5d00000, 0x00000000a5d00000|100%| E|CS|TAMS 0x00000000a5c00000, 0x00000000a5c00000| Complete 
| 605|0x00000000a5d00000, 0x00000000a5e00000, 0x00000000a5e00000|100%| E|CS|TAMS 0x00000000a5d00000, 0x00000000a5d00000| Complete 
| 606|0x00000000a5e00000, 0x00000000a5f00000, 0x00000000a5f00000|100%| E|CS|TAMS 0x00000000a5e00000, 0x00000000a5e00000| Complete 
| 607|0x00000000a5f00000, 0x00000000a6000000, 0x00000000a6000000|100%| E|CS|TAMS 0x00000000a5f00000, 0x00000000a5f00000| Complete 
| 608|0x00000000a6000000, 0x00000000a6100000, 0x00000000a6100000|100%| E|CS|TAMS 0x00000000a6000000, 0x00000000a6000000| Complete 
| 609|0x00000000a6100000, 0x00000000a6200000, 0x00000000a6200000|100%| E|CS|TAMS 0x00000000a6100000, 0x00000000a6100000| Complete 
| 610|0x00000000a6200000, 0x00000000a6300000, 0x00000000a6300000|100%| E|CS|TAMS 0x00000000a6200000, 0x00000000a6200000| Complete 
| 611|0x00000000a6300000, 0x00000000a6400000, 0x00000000a6400000|100%| E|CS|TAMS 0x00000000a6300000, 0x00000000a6300000| Complete 
| 612|0x00000000a6400000, 0x00000000a6500000, 0x00000000a6500000|100%| E|CS|TAMS 0x00000000a6400000, 0x00000000a6400000| Complete 
| 613|0x00000000a6500000, 0x00000000a6600000, 0x00000000a6600000|100%| E|CS|TAMS 0x00000000a6500000, 0x00000000a6500000| Complete 
| 614|0x00000000a6600000, 0x00000000a6700000, 0x00000000a6700000|100%| E|CS|TAMS 0x00000000a6600000, 0x00000000a6600000| Complete 
| 615|0x00000000a6700000, 0x00000000a6800000, 0x00000000a6800000|100%| E|CS|TAMS 0x00000000a6700000, 0x00000000a6700000| Complete 
| 616|0x00000000a6800000, 0x00000000a6900000, 0x00000000a6900000|100%| E|CS|TAMS 0x00000000a6800000, 0x00000000a6800000| Complete 
| 617|0x00000000a6900000, 0x00000000a6a00000, 0x00000000a6a00000|100%| E|CS|TAMS 0x00000000a6900000, 0x00000000a6900000| Complete 
| 618|0x00000000a6a00000, 0x00000000a6b00000, 0x00000000a6b00000|100%| E|CS|TAMS 0x00000000a6a00000, 0x00000000a6a00000| Complete 
| 619|0x00000000a6b00000, 0x00000000a6c00000, 0x00000000a6c00000|100%| E|CS|TAMS 0x00000000a6b00000, 0x00000000a6b00000| Complete 
| 620|0x00000000a6c00000, 0x00000000a6d00000, 0x00000000a6d00000|100%| E|CS|TAMS 0x00000000a6c00000, 0x00000000a6c00000| Complete 
| 621|0x00000000a6d00000, 0x00000000a6e00000, 0x00000000a6e00000|100%| E|CS|TAMS 0x00000000a6d00000, 0x00000000a6d00000| Complete 
| 622|0x00000000a6e00000, 0x00000000a6f00000, 0x00000000a6f00000|100%| E|CS|TAMS 0x00000000a6e00000, 0x00000000a6e00000| Complete 
| 623|0x00000000a6f00000, 0x00000000a7000000, 0x00000000a7000000|100%| E|CS|TAMS 0x00000000a6f00000, 0x00000000a6f00000| Complete 
| 624|0x00000000a7000000, 0x00000000a7100000, 0x00000000a7100000|100%| E|CS|TAMS 0x00000000a7000000, 0x00000000a7000000| Complete 
| 625|0x00000000a7100000, 0x00000000a7200000, 0x00000000a7200000|100%| E|CS|TAMS 0x00000000a7100000, 0x00000000a7100000| Complete 
| 626|0x00000000a7200000, 0x00000000a7300000, 0x00000000a7300000|100%| E|CS|TAMS 0x00000000a7200000, 0x00000000a7200000| Complete 
| 627|0x00000000a7300000, 0x00000000a7400000, 0x00000000a7400000|100%| E|CS|TAMS 0x00000000a7300000, 0x00000000a7300000| Complete 
| 628|0x00000000a7400000, 0x00000000a7500000, 0x00000000a7500000|100%| E|CS|TAMS 0x00000000a7400000, 0x00000000a7400000| Complete 
| 629|0x00000000a7500000, 0x00000000a7600000, 0x00000000a7600000|100%| E|CS|TAMS 0x00000000a7500000, 0x00000000a7500000| Complete 
| 630|0x00000000a7600000, 0x00000000a7700000, 0x00000000a7700000|100%| E|CS|TAMS 0x00000000a7600000, 0x00000000a7600000| Complete 
| 631|0x00000000a7700000, 0x00000000a7800000, 0x00000000a7800000|100%| E|CS|TAMS 0x00000000a7700000, 0x00000000a7700000| Complete 
| 632|0x00000000a7800000, 0x00000000a7900000, 0x00000000a7900000|100%| E|CS|TAMS 0x00000000a7800000, 0x00000000a7800000| Complete 
| 633|0x00000000a7900000, 0x00000000a7a00000, 0x00000000a7a00000|100%| E|CS|TAMS 0x00000000a7900000, 0x00000000a7900000| Complete 
| 634|0x00000000a7a00000, 0x00000000a7b00000, 0x00000000a7b00000|100%| E|CS|TAMS 0x00000000a7a00000, 0x00000000a7a00000| Complete 
| 635|0x00000000a7b00000, 0x00000000a7c00000, 0x00000000a7c00000|100%| E|CS|TAMS 0x00000000a7b00000, 0x00000000a7b00000| Complete 
| 636|0x00000000a7c00000, 0x00000000a7d00000, 0x00000000a7d00000|100%| E|CS|TAMS 0x00000000a7c00000, 0x00000000a7c00000| Complete 
| 637|0x00000000a7d00000, 0x00000000a7e00000, 0x00000000a7e00000|100%| E|CS|TAMS 0x00000000a7d00000, 0x00000000a7d00000| Complete 
| 638|0x00000000a7e00000, 0x00000000a7f00000, 0x00000000a7f00000|100%| E|CS|TAMS 0x00000000a7e00000, 0x00000000a7e00000| Complete 
| 639|0x00000000a7f00000, 0x00000000a8000000, 0x00000000a8000000|100%| E|CS|TAMS 0x00000000a7f00000, 0x00000000a7f00000| Complete 
| 640|0x00000000a8000000, 0x00000000a8100000, 0x00000000a8100000|100%| E|CS|TAMS 0x00000000a8000000, 0x00000000a8000000| Complete 
| 641|0x00000000a8100000, 0x00000000a8200000, 0x00000000a8200000|100%| E|CS|TAMS 0x00000000a8100000, 0x00000000a8100000| Complete 
| 642|0x00000000a8200000, 0x00000000a8300000, 0x00000000a8300000|100%| E|CS|TAMS 0x00000000a8200000, 0x00000000a8200000| Complete 
| 643|0x00000000a8300000, 0x00000000a8400000, 0x00000000a8400000|100%| E|CS|TAMS 0x00000000a8300000, 0x00000000a8300000| Complete 
| 644|0x00000000a8400000, 0x00000000a8500000, 0x00000000a8500000|100%| E|CS|TAMS 0x00000000a8400000, 0x00000000a8400000| Complete 
| 645|0x00000000a8500000, 0x00000000a8600000, 0x00000000a8600000|100%| E|CS|TAMS 0x00000000a8500000, 0x00000000a8500000| Complete 
| 646|0x00000000a8600000, 0x00000000a8700000, 0x00000000a8700000|100%| E|CS|TAMS 0x00000000a8600000, 0x00000000a8600000| Complete 
| 647|0x00000000a8700000, 0x00000000a8800000, 0x00000000a8800000|100%| E|CS|TAMS 0x00000000a8700000, 0x00000000a8700000| Complete 
| 648|0x00000000a8800000, 0x00000000a8900000, 0x00000000a8900000|100%| E|CS|TAMS 0x00000000a8800000, 0x00000000a8800000| Complete 
| 649|0x00000000a8900000, 0x00000000a8a00000, 0x00000000a8a00000|100%| E|CS|TAMS 0x00000000a8900000, 0x00000000a8900000| Complete 
| 650|0x00000000a8a00000, 0x00000000a8b00000, 0x00000000a8b00000|100%| E|CS|TAMS 0x00000000a8a00000, 0x00000000a8a00000| Complete 
| 651|0x00000000a8b00000, 0x00000000a8c00000, 0x00000000a8c00000|100%| E|CS|TAMS 0x00000000a8b00000, 0x00000000a8b00000| Complete 
| 652|0x00000000a8c00000, 0x00000000a8d00000, 0x00000000a8d00000|100%| E|CS|TAMS 0x00000000a8c00000, 0x00000000a8c00000| Complete 
| 653|0x00000000a8d00000, 0x00000000a8e00000, 0x00000000a8e00000|100%| E|CS|TAMS 0x00000000a8d00000, 0x00000000a8d00000| Complete 
| 654|0x00000000a8e00000, 0x00000000a8f00000, 0x00000000a8f00000|100%| E|CS|TAMS 0x00000000a8e00000, 0x00000000a8e00000| Complete 
| 655|0x00000000a8f00000, 0x00000000a9000000, 0x00000000a9000000|100%| E|CS|TAMS 0x00000000a8f00000, 0x00000000a8f00000| Complete 
| 656|0x00000000a9000000, 0x00000000a9100000, 0x00000000a9100000|100%| E|CS|TAMS 0x00000000a9000000, 0x00000000a9000000| Complete 
| 657|0x00000000a9100000, 0x00000000a9200000, 0x00000000a9200000|100%| E|CS|TAMS 0x00000000a9100000, 0x00000000a9100000| Complete 
| 658|0x00000000a9200000, 0x00000000a9300000, 0x00000000a9300000|100%| E|CS|TAMS 0x00000000a9200000, 0x00000000a9200000| Complete 
| 659|0x00000000a9300000, 0x00000000a9400000, 0x00000000a9400000|100%| E|CS|TAMS 0x00000000a9300000, 0x00000000a9300000| Complete 
| 660|0x00000000a9400000, 0x00000000a9500000, 0x00000000a9500000|100%| E|CS|TAMS 0x00000000a9400000, 0x00000000a9400000| Complete 
| 661|0x00000000a9500000, 0x00000000a9600000, 0x00000000a9600000|100%| E|CS|TAMS 0x00000000a9500000, 0x00000000a9500000| Complete 
| 662|0x00000000a9600000, 0x00000000a9700000, 0x00000000a9700000|100%| E|CS|TAMS 0x00000000a9600000, 0x00000000a9600000| Complete 
| 663|0x00000000a9700000, 0x00000000a9800000, 0x00000000a9800000|100%| E|CS|TAMS 0x00000000a9700000, 0x00000000a9700000| Complete 
| 664|0x00000000a9800000, 0x00000000a9900000, 0x00000000a9900000|100%| E|CS|TAMS 0x00000000a9800000, 0x00000000a9800000| Complete 
| 665|0x00000000a9900000, 0x00000000a9a00000, 0x00000000a9a00000|100%| E|CS|TAMS 0x00000000a9900000, 0x00000000a9900000| Complete 
| 666|0x00000000a9a00000, 0x00000000a9b00000, 0x00000000a9b00000|100%| E|CS|TAMS 0x00000000a9a00000, 0x00000000a9a00000| Complete 
| 667|0x00000000a9b00000, 0x00000000a9c00000, 0x00000000a9c00000|100%| E|CS|TAMS 0x00000000a9b00000, 0x00000000a9b00000| Complete 
| 668|0x00000000a9c00000, 0x00000000a9d00000, 0x00000000a9d00000|100%| E|CS|TAMS 0x00000000a9c00000, 0x00000000a9c00000| Complete 
| 669|0x00000000a9d00000, 0x00000000a9e00000, 0x00000000a9e00000|100%| E|CS|TAMS 0x00000000a9d00000, 0x00000000a9d00000| Complete 
| 670|0x00000000a9e00000, 0x00000000a9f00000, 0x00000000a9f00000|100%| E|CS|TAMS 0x00000000a9e00000, 0x00000000a9e00000| Complete 
| 671|0x00000000a9f00000, 0x00000000aa000000, 0x00000000aa000000|100%| E|CS|TAMS 0x00000000a9f00000, 0x00000000a9f00000| Complete 
| 672|0x00000000aa000000, 0x00000000aa100000, 0x00000000aa100000|100%| E|CS|TAMS 0x00000000aa000000, 0x00000000aa000000| Complete 

Card table byte_map: [0x0000015f58970000,0x0000015f58d70000] _byte_map_base: 0x0000015f58570000

Marking Bits (Prev, Next): (CMBitMap*) 0x0000015f419e8a90, (CMBitMap*) 0x0000015f419e8ad0
 Prev Bits: [0x0000015f59170000, 0x0000015f5b170000)
 Next Bits: [0x0000015f5b170000, 0x0000015f5d170000)

Polling page: 0x0000015f3f990000

Metaspace:

Usage:
  Non-class:     96.03 MB used.
      Class:     15.37 MB used.
       Both:    111.39 MB used.

Virtual space:
  Non-class space:      128.00 MB reserved,      96.75 MB ( 76%) committed,  2 nodes.
      Class space:      416.00 MB reserved,      15.94 MB (  4%) committed,  1 nodes.
             Both:      544.00 MB reserved,     112.69 MB ( 21%) committed. 

Chunk freelists:
   Non-Class:  15.17 MB
       Class:  77.00 KB
        Both:  15.25 MB

MaxMetaspaceSize: 512.00 MB
CompressedClassSpaceSize: 416.00 MB
Initial GC threshold: 21.00 MB
Current GC threshold: 178.56 MB
CDS: on
MetaspaceReclaimPolicy: balanced
 - commit_granule_bytes: 65536.
 - commit_granule_words: 8192.
 - virtual_space_node_default_size: 8388608.
 - enlarge_chunks_in_place: 1.
 - new_chunks_are_fully_committed: 0.
 - uncommit_free_chunks: 1.
 - use_allocation_guard: 0.
 - handle_deallocations: 1.


Internal statistics:

num_allocs_failed_limit: 15.
num_arena_births: 1576.
num_arena_deaths: 0.
num_vsnodes_births: 3.
num_vsnodes_deaths: 0.
num_space_committed: 1803.
num_space_uncommitted: 0.
num_chunks_returned_to_freelist: 15.
num_chunks_taken_from_freelist: 6629.
num_chunk_merges: 9.
num_chunk_splits: 4242.
num_chunks_enlarged: 2671.
num_inconsistent_stats: 0.

CodeHeap 'non-profiled nmethods': size=120000Kb used=7137Kb max_used=7137Kb free=112862Kb
 bounds [0x0000015f50d10000, 0x0000015f51410000, 0x0000015f58240000]
CodeHeap 'profiled nmethods': size=120000Kb used=24567Kb max_used=26334Kb free=95432Kb
 bounds [0x0000015f49240000, 0x0000015f4ac00000, 0x0000015f50770000]
CodeHeap 'non-nmethods': size=5760Kb used=2497Kb max_used=2554Kb free=3262Kb
 bounds [0x0000015f50770000, 0x0000015f509f0000, 0x0000015f50d10000]
 total_blobs=14073 nmethods=13048 adapters=936
 compilation: enabled
              stopped_count=0, restarted_count=0
 full_count=0

Compilation events (20 events):
Event: 37.515 Thread 0x0000015f5face8a0 nmethod 15810 0x0000015f4ab68390 code [0x0000015f4ab68520, 0x0000015f4ab68618]
Event: 37.516 Thread 0x0000015f5face8a0 15811       3       java.util.zip.ZipFile::<init> (144 bytes)
Event: 37.518 Thread 0x0000015f5face8a0 nmethod 15811 0x0000015f49d2b910 code [0x0000015f49d2bc40, 0x0000015f49d2cf78]
Event: 37.518 Thread 0x0000015f5face8a0 15812   !   3       java.util.zip.ZipFile$Source::get (180 bytes)
Event: 37.520 Thread 0x0000015f5face8a0 nmethod 15812 0x0000015f494d0d10 code [0x0000015f494d1020, 0x0000015f494d2538]
Event: 37.569 Thread 0x0000015f5face8a0 15813       3       java.util.zip.ZipFile$Source$Key::equals (93 bytes)
Event: 37.570 Thread 0x0000015f5face8a0 nmethod 15813 0x0000015f492b5b10 code [0x0000015f492b5dc0, 0x0000015f492b6f28]
Event: 37.581 Thread 0x0000015f5fabbc30 15814   !   4       java.util.jar.Attributes::read (494 bytes)
Event: 37.670 Thread 0x0000015f5face8a0 15816       3       groovyjarjarasm.asm.Type::getInternalName (12 bytes)
Event: 37.670 Thread 0x0000015f5face8a0 nmethod 15816 0x0000015f4a8ef410 code [0x0000015f4a8ef5c0, 0x0000015f4a8ef7d8]
Event: 37.670 Thread 0x0000015f5face8a0 15817       3       groovyjarjarasm.asm.Handler::getExceptionTableSize (10 bytes)
Event: 37.671 Thread 0x0000015f5face8a0 nmethod 15817 0x0000015f4a940590 code [0x0000015f4a940740, 0x0000015f4a940938]
Event: 37.671 Thread 0x0000015f5face8a0 15818       3       groovyjarjarasm.asm.ByteVector::putByteArray (49 bytes)
Event: 37.671 Thread 0x0000015f5face8a0 nmethod 15818 0x0000015f4a2f4690 code [0x0000015f4a2f4840, 0x0000015f4a2f4b18]
Event: 37.681 Thread 0x0000015f5face8a0 15819       3       org.gradle.internal.instantiation.generator.AsmBackedClassGenerator::access$4900 (6 bytes)
Event: 37.682 Thread 0x0000015f5face8a0 nmethod 15819 0x0000015f4a3dd310 code [0x0000015f4a3dd4a0, 0x0000015f4a3dd5a8]
Event: 37.682 Thread 0x0000015f5face8a0 15820       3       org.gradle.internal.instantiation.generator.AsmBackedClassGenerator::rawTypeParam (96 bytes)
Event: 37.683 Thread 0x0000015f5face8a0 nmethod 15820 0x0000015f49ac5410 code [0x0000015f49ac57c0, 0x0000015f49ac7238]
Event: 37.700 Thread 0x0000015f5face8a0 15821       3       org.gradle.model.internal.asm.MethodVisitorScope::_INVOKESPECIAL (11 bytes)
Event: 37.701 Thread 0x0000015f5face8a0 nmethod 15821 0x0000015f4a54cb10 code [0x0000015f4a54ccc0, 0x0000015f4a54cf58]

GC Heap History (20 events):
Event: 29.529 GC heap before
{Heap before GC invocations=34 (full 0):
 garbage-first heap   total 208896K, used 164703K [0x0000000080000000, 0x0000000100000000)
  region size 1024K, 46 young (47104K), 5 survivors (5120K)
 Metaspace       used 106178K, committed 107136K, reserved 557056K
  class space    used 14624K, committed 15104K, reserved 425984K
}
Event: 29.535 GC heap after
{Heap after GC invocations=35 (full 0):
 garbage-first heap   total 208896K, used 125493K [0x0000000080000000, 0x0000000100000000)
  region size 1024K, 4 young (4096K), 4 survivors (4096K)
 Metaspace       used 106178K, committed 107136K, reserved 557056K
  class space    used 14624K, committed 15104K, reserved 425984K
}
Event: 30.098 GC heap before
{Heap before GC invocations=36 (full 0):
 garbage-first heap   total 222208K, used 174645K [0x0000000080000000, 0x0000000100000000)
  region size 1024K, 52 young (53248K), 4 survivors (4096K)
 Metaspace       used 108385K, committed 109376K, reserved 557056K
  class space    used 14982K, committed 15424K, reserved 425984K
}
Event: 30.104 GC heap after
{Heap after GC invocations=37 (full 0):
 garbage-first heap   total 222208K, used 128852K [0x0000000080000000, 0x0000000100000000)
  region size 1024K, 7 young (7168K), 7 survivors (7168K)
 Metaspace       used 108385K, committed 109376K, reserved 557056K
  class space    used 14982K, committed 15424K, reserved 425984K
}
Event: 30.215 GC heap before
{Heap before GC invocations=37 (full 0):
 garbage-first heap   total 222208K, used 131924K [0x0000000080000000, 0x0000000100000000)
  region size 1024K, 10 young (10240K), 7 survivors (7168K)
 Metaspace       used 108509K, committed 109568K, reserved 557056K
  class space    used 14993K, committed 15488K, reserved 425984K
}
Event: 30.221 GC heap after
{Heap after GC invocations=38 (full 0):
 garbage-first heap   total 222208K, used 127560K [0x0000000080000000, 0x0000000100000000)
  region size 1024K, 2 young (2048K), 2 survivors (2048K)
 Metaspace       used 108509K, committed 109568K, reserved 557056K
  class space    used 14993K, committed 15488K, reserved 425984K
}
Event: 30.701 GC heap before
{Heap before GC invocations=38 (full 0):
 garbage-first heap   total 222208K, used 182856K [0x0000000080000000, 0x0000000100000000)
  region size 1024K, 57 young (58368K), 2 survivors (2048K)
 Metaspace       used 108659K, committed 109696K, reserved 557056K
  class space    used 14993K, committed 15488K, reserved 425984K
}
Event: 30.707 GC heap after
{Heap after GC invocations=39 (full 0):
 garbage-first heap   total 222208K, used 132173K [0x0000000080000000, 0x0000000100000000)
  region size 1024K, 6 young (6144K), 6 survivors (6144K)
 Metaspace       used 108659K, committed 109696K, reserved 557056K
  class space    used 14993K, committed 15488K, reserved 425984K
}
Event: 30.914 GC heap before
{Heap before GC invocations=40 (full 0):
 garbage-first heap   total 285696K, used 184397K [0x0000000080000000, 0x0000000100000000)
  region size 1024K, 58 young (59392K), 6 survivors (6144K)
 Metaspace       used 108659K, committed 109696K, reserved 557056K
  class space    used 14993K, committed 15488K, reserved 425984K
}
Event: 30.921 GC heap after
{Heap after GC invocations=41 (full 0):
 garbage-first heap   total 285696K, used 134226K [0x0000000080000000, 0x0000000100000000)
  region size 1024K, 5 young (5120K), 5 survivors (5120K)
 Metaspace       used 108659K, committed 109696K, reserved 557056K
  class space    used 14993K, committed 15488K, reserved 425984K
}
Event: 30.940 GC heap before
{Heap before GC invocations=41 (full 0):
 garbage-first heap   total 285696K, used 142418K [0x0000000080000000, 0x0000000100000000)
  region size 1024K, 13 young (13312K), 5 survivors (5120K)
 Metaspace       used 108659K, committed 109696K, reserved 557056K
  class space    used 14993K, committed 15488K, reserved 425984K
}
Event: 30.945 GC heap after
{Heap after GC invocations=42 (full 0):
 garbage-first heap   total 285696K, used 131767K [0x0000000080000000, 0x0000000100000000)
  region size 1024K, 2 young (2048K), 2 survivors (2048K)
 Metaspace       used 108659K, committed 109696K, reserved 557056K
  class space    used 14993K, committed 15488K, reserved 425984K
}
Event: 31.990 GC heap before
{Heap before GC invocations=42 (full 0):
 garbage-first heap   total 285696K, used 237239K [0x0000000080000000, 0x0000000100000000)
  region size 1024K, 96 young (98304K), 2 survivors (2048K)
 Metaspace       used 109881K, committed 110976K, reserved 557056K
  class space    used 15177K, committed 15680K, reserved 425984K
}
Event: 32.012 GC heap after
{Heap after GC invocations=43 (full 0):
 garbage-first heap   total 285696K, used 154986K [0x0000000080000000, 0x0000000100000000)
  region size 1024K, 12 young (12288K), 12 survivors (12288K)
 Metaspace       used 109881K, committed 110976K, reserved 557056K
  class space    used 15177K, committed 15680K, reserved 425984K
}
Event: 32.780 GC heap before
{Heap before GC invocations=43 (full 0):
 garbage-first heap   total 285696K, used 227690K [0x0000000080000000, 0x0000000100000000)
  region size 1024K, 84 young (86016K), 12 survivors (12288K)
 Metaspace       used 110793K, committed 111872K, reserved 557056K
  class space    used 15340K, committed 15808K, reserved 425984K
}
Event: 32.790 GC heap after
{Heap after GC invocations=44 (full 0):
 garbage-first heap   total 285696K, used 161062K [0x0000000080000000, 0x0000000100000000)
  region size 1024K, 8 young (8192K), 8 survivors (8192K)
 Metaspace       used 110793K, committed 111872K, reserved 557056K
  class space    used 15340K, committed 15808K, reserved 425984K
}
Event: 32.974 GC heap before
{Heap before GC invocations=44 (full 0):
 garbage-first heap   total 285696K, used 229670K [0x0000000080000000, 0x0000000100000000)
  region size 1024K, 76 young (77824K), 8 survivors (8192K)
 Metaspace       used 110793K, committed 111872K, reserved 557056K
  class space    used 15340K, committed 15808K, reserved 425984K
}
Event: 32.985 GC heap after
{Heap after GC invocations=45 (full 0):
 garbage-first heap   total 285696K, used 163616K [0x0000000080000000, 0x0000000100000000)
  region size 1024K, 5 young (5120K), 5 survivors (5120K)
 Metaspace       used 110793K, committed 111872K, reserved 557056K
  class space    used 15340K, committed 15808K, reserved 425984K
}
Event: 33.827 GC heap before
{Heap before GC invocations=45 (full 0):
 garbage-first heap   total 285696K, used 239392K [0x0000000080000000, 0x0000000100000000)
  region size 1024K, 74 young (75776K), 5 survivors (5120K)
 Metaspace       used 111183K, committed 112320K, reserved 557056K
  class space    used 15398K, committed 15936K, reserved 425984K
}
Event: 33.839 GC heap after
{Heap after GC invocations=46 (full 0):
 garbage-first heap   total 689152K, used 179112K [0x0000000080000000, 0x0000000100000000)
  region size 1024K, 10 young (10240K), 10 survivors (10240K)
 Metaspace       used 111183K, committed 112320K, reserved 557056K
  class space    used 15398K, committed 15936K, reserved 425984K
}

Deoptimization events (20 events):
Event: 36.832 Thread 0x0000015f7f57f090 Uncommon trap: trap_request=0xffffffd6 fr.pc=0x0000015f5111e6cc relative=0x00000000000026ac
Event: 36.832 Thread 0x0000015f7f57f090 Uncommon trap: reason=array_check action=maybe_recompile pc=0x0000015f5111e6cc method=java.util.TimSort.reverseRange([Ljava/lang/Object;II)V @ 27 c2
Event: 36.832 Thread 0x0000015f7f57f090 DEOPT PACKING pc=0x0000015f5111e6cc sp=0x00000033ca8fdc10
Event: 36.832 Thread 0x0000015f7f57f090 DEOPT UNPACKING pc=0x0000015f507c5ba3 sp=0x00000033ca8fda80 mode 2
Event: 36.832 Thread 0x0000015f7f57f090 Uncommon trap: trap_request=0xffffffd6 fr.pc=0x0000015f5111e6cc relative=0x00000000000026ac
Event: 36.832 Thread 0x0000015f7f57f090 Uncommon trap: reason=array_check action=maybe_recompile pc=0x0000015f5111e6cc method=java.util.TimSort.reverseRange([Ljava/lang/Object;II)V @ 27 c2
Event: 36.832 Thread 0x0000015f7f57f090 DEOPT PACKING pc=0x0000015f5111e6cc sp=0x00000033ca8fdc10
Event: 36.833 Thread 0x0000015f7f57f090 DEOPT UNPACKING pc=0x0000015f507c5ba3 sp=0x00000033ca8fda80 mode 2
Event: 36.973 Thread 0x0000015f04fded40 Uncommon trap: trap_request=0xffffffd6 fr.pc=0x0000015f513f0b60 relative=0x0000000000002860
Event: 36.973 Thread 0x0000015f04fded40 Uncommon trap: reason=array_check action=maybe_recompile pc=0x0000015f513f0b60 method=java.util.TimSort.reverseRange([Ljava/lang/Object;II)V @ 27 c2
Event: 36.973 Thread 0x0000015f04fded40 DEOPT PACKING pc=0x0000015f513f0b60 sp=0x00000033ca3fda30
Event: 36.973 Thread 0x0000015f04fded40 DEOPT UNPACKING pc=0x0000015f507c5ba3 sp=0x00000033ca3fd940 mode 2
Event: 37.092 Thread 0x0000015f00f0f160 DEOPT PACKING pc=0x0000015f49ad5759 sp=0x00000033c58f8fd0
Event: 37.092 Thread 0x0000015f00f0f160 DEOPT UNPACKING pc=0x0000015f507c66e3 sp=0x00000033c58f84c8 mode 0
Event: 37.095 Thread 0x0000015f00f0f160 DEOPT PACKING pc=0x0000015f49ad5759 sp=0x00000033c58f8fd0
Event: 37.095 Thread 0x0000015f00f0f160 DEOPT UNPACKING pc=0x0000015f507c66e3 sp=0x00000033c58f84c8 mode 0
Event: 37.099 Thread 0x0000015f00f0f160 DEOPT PACKING pc=0x0000015f49ad5759 sp=0x00000033c58f8fc0
Event: 37.099 Thread 0x0000015f00f0f160 DEOPT UNPACKING pc=0x0000015f507c66e3 sp=0x00000033c58f84b8 mode 0
Event: 37.581 Thread 0x0000015f00f0f160 DEOPT PACKING pc=0x0000015f496501e7 sp=0x00000033c58f7bc0
Event: 37.581 Thread 0x0000015f00f0f160 DEOPT UNPACKING pc=0x0000015f507c66e3 sp=0x00000033c58f7178 mode 0

Classes unloaded (0 events):
No events

Classes redefined (0 events):
No events

Internal exceptions (20 events):
Event: 35.426 Thread 0x0000015f00f0f160 Exception <a 'java/lang/ClassNotFoundException'{0x00000000a4d77408}: org/gradle/util/GradleVersionBeanInfo> (0x00000000a4d77408) 
thrown [s\open\src\hotspot\share\classfile\systemDictionary.cpp, line 256]
Event: 35.427 Thread 0x0000015f00f0f160 Exception <a 'java/lang/ClassNotFoundException'{0x00000000a4d8ea28}: org/gradle/util/GradleVersionCustomizer> (0x00000000a4d8ea28) 
thrown [s\open\src\hotspot\share\classfile\systemDictionary.cpp, line 256]
Event: 35.433 Thread 0x0000015f00f0f160 Exception <a 'java/lang/ClassNotFoundException'{0x00000000a4dd0d68}: org/gradle/util/internal/DefaultGradleVersionBeanInfo> (0x00000000a4dd0d68) 
thrown [s\open\src\hotspot\share\classfile\systemDictionary.cpp, line 256]
Event: 35.434 Thread 0x0000015f00f0f160 Exception <a 'java/lang/ClassNotFoundException'{0x00000000a4de8948}: org/gradle/util/internal/DefaultGradleVersionCustomizer> (0x00000000a4de8948) 
thrown [s\open\src\hotspot\share\classfile\systemDictionary.cpp, line 256]
Event: 35.569 Thread 0x0000015f00f0f160 Exception <a 'java/lang/ClassNotFoundException'{0x00000000a49f5548}: build_vk6oe54wspsv68jbexauhgs9BeanInfo> (0x00000000a49f5548) 
thrown [s\open\src\hotspot\share\classfile\systemDictionary.cpp, line 256]
Event: 35.570 Thread 0x0000015f00f0f160 Exception <a 'java/lang/ClassNotFoundException'{0x00000000a49fcab0}: build_vk6oe54wspsv68jbexauhgs9Customizer> (0x00000000a49fcab0) 
thrown [s\open\src\hotspot\share\classfile\systemDictionary.cpp, line 256]
Event: 35.658 Thread 0x0000015f00f0f160 Exception <a 'java/lang/ClassNotFoundException'{0x00000000a4577490}: build_vk6oe54wspsv68jbexauhgs9BeanInfo> (0x00000000a4577490) 
thrown [s\open\src\hotspot\share\classfile\systemDictionary.cpp, line 256]
Event: 35.658 Thread 0x0000015f00f0f160 Exception <a 'java/lang/ClassNotFoundException'{0x00000000a457e998}: build_vk6oe54wspsv68jbexauhgs9Customizer> (0x00000000a457e998) 
thrown [s\open\src\hotspot\share\classfile\systemDictionary.cpp, line 256]
Event: 35.769 Thread 0x0000015f00f0f160 Exception <a 'java/lang/ClassNotFoundException'{0x00000000a406e768}: build_4glpfiqlwuqorksfz25u0tof5BeanInfo> (0x00000000a406e768) 
thrown [s\open\src\hotspot\share\classfile\systemDictionary.cpp, line 256]
Event: 35.770 Thread 0x0000015f00f0f160 Exception <a 'java/lang/ClassNotFoundException'{0x00000000a4075cf8}: build_4glpfiqlwuqorksfz25u0tof5Customizer> (0x00000000a4075cf8) 
thrown [s\open\src\hotspot\share\classfile\systemDictionary.cpp, line 256]
Event: 37.165 Thread 0x0000015f00f0f160 Exception <a 'java/lang/ClassNotFoundException'{0x0000000098e10e88}: build_4glpfiqlwuqorksfz25u0tof5BeanInfo> (0x0000000098e10e88) 
thrown [s\open\src\hotspot\share\classfile\systemDictionary.cpp, line 256]
Event: 37.166 Thread 0x0000015f00f0f160 Exception <a 'java/lang/ClassNotFoundException'{0x0000000098e183b0}: build_4glpfiqlwuqorksfz25u0tof5Customizer> (0x0000000098e183b0) 
thrown [s\open\src\hotspot\share\classfile\systemDictionary.cpp, line 256]
Event: 37.649 Thread 0x0000015f00f0f160 Exception <a 'java/lang/ClassNotFoundException'{0x000000009836ee40}: org/gradle/api/internal/provider/DefaultProviderFactory_DecoratedBeanInfo> (0x000000009836ee40) 
thrown [s\open\src\hotspot\share\classfile\systemDictionary.cpp, line 256]
Event: 37.654 Thread 0x0000015f00f0f160 Exception <a 'java/lang/ClassNotFoundException'{0x0000000098385930}: org/gradle/api/internal/provider/DefaultProviderFactoryBeanInfo> (0x0000000098385930) 
thrown [s\open\src\hotspot\share\classfile\systemDictionary.cpp, line 256]
Event: 37.658 Thread 0x0000015f00f0f160 Exception <a 'java/lang/ClassNotFoundException'{0x000000009839c4b0}: org/gradle/api/internal/provider/DefaultProviderFactoryCustomizer> (0x000000009839c4b0) 
thrown [s\open\src\hotspot\share\classfile\systemDictionary.cpp, line 256]
Event: 37.666 Thread 0x0000015f00f0f160 Exception <a 'java/lang/ClassNotFoundException'{0x00000000983d7178}: org/gradle/api/internal/provider/DefaultProviderFactory_DecoratedCustomizer> (0x00000000983d7178) 
thrown [s\open\src\hotspot\share\classfile\systemDictionary.cpp, line 256]
Event: 37.712 Thread 0x0000015f00f0f160 Exception <a 'java/lang/ClassNotFoundException'{0x0000000098110880}: org/gradle/api/internal/provider/sources/process/ProviderCompatibleExecSpec_DecoratedBeanInfo> (0x0000000098110880) 
thrown [s\open\src\hotspot\share\classfile\systemDictionary.cpp, line 256]
Event: 37.713 Thread 0x0000015f00f0f160 Exception <a 'java/lang/ClassNotFoundException'{0x000000009812a568}: org/gradle/api/internal/provider/sources/process/ProviderCompatibleExecSpecBeanInfo> (0x000000009812a568) 
thrown [s\open\src\hotspot\share\classfile\systemDictionary.cpp, line 256]
Event: 37.715 Thread 0x0000015f00f0f160 Exception <a 'java/lang/ClassNotFoundException'{0x0000000098144528}: org/gradle/api/internal/provider/sources/process/ProviderCompatibleBaseExecSpecBeanInfo> (0x0000000098144528) 
thrown [s\open\src\hotspot\share\classfile\systemDictionary.cpp, line 256]
Event: 37.716 Thread 0x0000015f00f0f160 Exception <a 'java/lang/ClassNotFoundException'{0x000000009815e528}: org/gradle/api/internal/provider/sources/process/ProviderCompatibleBaseExecSpecCustomizer> (0x000000009815e528) 
thrown [s\open\src\hotspot\share\classfile\systemDictionary.cpp, line 256]

VM Operations (20 events):
Event: 34.362 Executing VM operation: ICBufferFull
Event: 34.362 Executing VM operation: ICBufferFull done
Event: 35.188 Executing VM operation: HandshakeAllThreads
Event: 35.189 Executing VM operation: HandshakeAllThreads done
Event: 35.194 Executing VM operation: HandshakeAllThreads
Event: 35.195 Executing VM operation: HandshakeAllThreads done
Event: 35.195 Executing VM operation: HandshakeAllThreads
Event: 35.195 Executing VM operation: HandshakeAllThreads done
Event: 35.211 Executing VM operation: HandshakeAllThreads
Event: 35.212 Executing VM operation: HandshakeAllThreads done
Event: 35.328 Executing VM operation: HandshakeAllThreads
Event: 35.328 Executing VM operation: HandshakeAllThreads done
Event: 35.375 Executing VM operation: HandshakeAllThreads
Event: 35.376 Executing VM operation: HandshakeAllThreads done
Event: 35.376 Executing VM operation: Cleanup
Event: 35.376 Executing VM operation: Cleanup done
Event: 36.317 Executing VM operation: ICBufferFull
Event: 36.317 Executing VM operation: ICBufferFull done
Event: 37.323 Executing VM operation: Cleanup
Event: 37.323 Executing VM operation: Cleanup done

Events (20 events):
Event: 35.405 Thread 0x0000015f5facf1b0 flushing nmethod 0x0000015f4a943690
Event: 35.405 Thread 0x0000015f5facf1b0 flushing nmethod 0x0000015f4a944a90
Event: 35.405 Thread 0x0000015f5facf1b0 flushing nmethod 0x0000015f4a944f10
Event: 35.405 Thread 0x0000015f5facf1b0 flushing nmethod 0x0000015f4a94d510
Event: 35.405 Thread 0x0000015f5facf1b0 flushing nmethod 0x0000015f4a95a290
Event: 35.405 Thread 0x0000015f5facf1b0 flushing nmethod 0x0000015f4a95b190
Event: 35.405 Thread 0x0000015f5facf1b0 flushing nmethod 0x0000015f4a979190
Event: 35.405 Thread 0x0000015f5facf1b0 flushing nmethod 0x0000015f4a979b90
Event: 35.405 Thread 0x0000015f5facf1b0 flushing nmethod 0x0000015f4a9f7690
Event: 35.406 Thread 0x0000015f5facf1b0 flushing nmethod 0x0000015f4aa43710
Event: 35.406 Thread 0x0000015f5facf1b0 flushing nmethod 0x0000015f4aa49190
Event: 35.406 Thread 0x0000015f5facf1b0 flushing nmethod 0x0000015f4aa8ee90
Event: 35.406 Thread 0x0000015f5facf1b0 flushing nmethod 0x0000015f4aaa5390
Event: 35.406 Thread 0x0000015f5facf1b0 flushing nmethod 0x0000015f4aab4d90
Event: 35.406 Thread 0x0000015f5facf1b0 flushing nmethod 0x0000015f4aad1790
Event: 35.407 Thread 0x0000015f5facf1b0 flushing nmethod 0x0000015f4ab52d10
Event: 35.407 Thread 0x0000015f5facf1b0 flushing nmethod 0x0000015f4ab57710
Event: 35.407 Thread 0x0000015f5facf1b0 flushing nmethod 0x0000015f4ab68390
Event: 35.441 loading class jdk/internal/reflect/UnsafeStaticObjectFieldAccessorImpl
Event: 35.441 loading class jdk/internal/reflect/UnsafeStaticObjectFieldAccessorImpl done


Dynamic libraries:
0x00007ff6cc8c0000 - 0x00007ff6cc8d0000 	C:\Program Files\Java\jdk-17\bin\java.exe
0x00007fff08710000 - 0x00007fff08927000 	C:\WINDOWS\SYSTEM32\ntdll.dll
0x00007fff06c50000 - 0x00007fff06d14000 	C:\WINDOWS\System32\KERNEL32.DLL
0x00007fff05810000 - 0x00007fff05be0000 	C:\WINDOWS\System32\KERNELBASE.dll
0x00007fff06280000 - 0x00007fff06391000 	C:\WINDOWS\System32\ucrtbase.dll
0x00007ffeed020000 - 0x00007ffeed039000 	C:\Program Files\Java\jdk-17\bin\jli.dll
0x00007ffeed040000 - 0x00007ffeed05b000 	C:\Program Files\Java\jdk-17\bin\VCRUNTIME140.dll
0x00007fff06d20000 - 0x00007fff06dd1000 	C:\WINDOWS\System32\ADVAPI32.dll
0x00007fff06480000 - 0x00007fff06527000 	C:\WINDOWS\System32\msvcrt.dll
0x00007fff063a0000 - 0x00007fff06448000 	C:\WINDOWS\System32\sechost.dll
0x00007fff05e80000 - 0x00007fff05ea8000 	C:\WINDOWS\System32\bcrypt.dll
0x00007fff07120000 - 0x00007fff07238000 	C:\WINDOWS\System32\RPCRT4.dll
0x00007fff06df0000 - 0x00007fff06fa1000 	C:\WINDOWS\System32\USER32.dll
0x00007ffef5a10000 - 0x00007ffef5cac000 	C:\WINDOWS\WinSxS\amd64_microsoft.windows.common-controls_6595b64144ccf1df_6.0.22621.5840_none_2710ea077384a4fe\COMCTL32.dll
0x00007fff05e50000 - 0x00007fff05e76000 	C:\WINDOWS\System32\win32u.dll
0x00007fff06450000 - 0x00007fff06479000 	C:\WINDOWS\System32\GDI32.dll
0x00007fff05d20000 - 0x00007fff05e43000 	C:\WINDOWS\System32\gdi32full.dll
0x00007fff05f30000 - 0x00007fff05fca000 	C:\WINDOWS\System32\msvcp_win.dll
0x00007fff00cd0000 - 0x00007fff00cda000 	C:\WINDOWS\SYSTEM32\VERSION.dll
0x00007fff07c50000 - 0x00007fff07c81000 	C:\WINDOWS\System32\IMM32.DLL
0x00007ffeed000000 - 0x00007ffeed00c000 	C:\Program Files\Java\jdk-17\bin\vcruntime140_1.dll
0x00007ffea6280000 - 0x00007ffea630e000 	C:\Program Files\Java\jdk-17\bin\msvcp140.dll
0x00007ffe43e20000 - 0x00007ffe44a00000 	C:\Program Files\Java\jdk-17\bin\server\jvm.dll
0x00007fff07240000 - 0x00007fff07248000 	C:\WINDOWS\System32\PSAPI.DLL
0x00007ffefab90000 - 0x00007ffefab99000 	C:\WINDOWS\SYSTEM32\WSOCK32.dll
0x00007fff00d20000 - 0x00007fff00d54000 	C:\WINDOWS\SYSTEM32\WINMM.dll
0x00007fff07bd0000 - 0x00007fff07c41000 	C:\WINDOWS\System32\WS2_32.dll
0x00007fff047c0000 - 0x00007fff047d8000 	C:\WINDOWS\SYSTEM32\kernel.appcore.dll
0x00007ffeecea0000 - 0x00007ffeeceaa000 	C:\Program Files\Java\jdk-17\bin\jimage.dll
0x00007fff02f30000 - 0x00007fff03163000 	C:\WINDOWS\SYSTEM32\DBGHELP.DLL
0x00007fff07250000 - 0x00007fff075e1000 	C:\WINDOWS\System32\combase.dll
0x00007fff07ac0000 - 0x00007fff07b98000 	C:\WINDOWS\System32\OLEAUT32.dll
0x00007ffeda8d0000 - 0x00007ffeda902000 	C:\WINDOWS\SYSTEM32\dbgcore.DLL
0x00007fff05eb0000 - 0x00007fff05f2b000 	C:\WINDOWS\System32\bcryptPrimitives.dll
0x00007ffee2010000 - 0x00007ffee201e000 	C:\Program Files\Java\jdk-17\bin\instrument.dll
0x00007ffecaa20000 - 0x00007ffecaa45000 	C:\Program Files\Java\jdk-17\bin\java.dll
0x00007ffe9ff70000 - 0x00007ffea0047000 	C:\Program Files\Java\jdk-17\bin\jsvml.dll
0x00007fff07c90000 - 0x00007fff08531000 	C:\WINDOWS\System32\SHELL32.dll
0x00007fff05be0000 - 0x00007fff05d1f000 	C:\WINDOWS\System32\wintypes.dll
0x00007fff03690000 - 0x00007fff03faa000 	C:\WINDOWS\SYSTEM32\windows.storage.dll
0x00007fff085c0000 - 0x00007fff086ca000 	C:\WINDOWS\System32\SHCORE.dll
0x00007fff06900000 - 0x00007fff06969000 	C:\WINDOWS\System32\shlwapi.dll
0x00007fff05740000 - 0x00007fff05765000 	C:\WINDOWS\SYSTEM32\profapi.dll
0x00007ffec69b0000 - 0x00007ffec69c8000 	C:\Program Files\Java\jdk-17\bin\zip.dll
0x00007ffedc0f0000 - 0x00007ffedc109000 	C:\Program Files\Java\jdk-17\bin\net.dll
0x00007fff01fb0000 - 0x00007fff020dc000 	C:\WINDOWS\SYSTEM32\WINHTTP.dll
0x00007fff04cc0000 - 0x00007fff04d29000 	C:\WINDOWS\system32\mswsock.dll
0x00007ffecc9a0000 - 0x00007ffecc9b6000 	C:\Program Files\Java\jdk-17\bin\nio.dll
0x00007ffeec8d0000 - 0x00007ffeec8e0000 	C:\Program Files\Java\jdk-17\bin\verify.dll
0x00007ffebb2d0000 - 0x00007ffebb2f7000 	C:\Users\ericy\.gradle\native\1def1411415f61bf3af743bc5b6707747c0891f09f0c88961ee8f79bc544acac\windows-amd64\native-platform.dll
0x00007ffeb5f60000 - 0x00007ffeb5fd8000 	C:\Users\ericy\.gradle\native\0.2.7\x86_64-windows-gnu\gradle-fileevents.dll
0x00007ffeebac0000 - 0x00007ffeebaca000 	C:\Program Files\Java\jdk-17\bin\management.dll
0x00007ffeeb760000 - 0x00007ffeeb76b000 	C:\Program Files\Java\jdk-17\bin\management_ext.dll
0x00007fff04210000 - 0x00007fff0423d000 	C:\WINDOWS\SYSTEM32\IPHLPAPI.DLL
0x00007fff06de0000 - 0x00007fff06de9000 	C:\WINDOWS\System32\NSI.dll
0x00007fff010b0000 - 0x00007fff010c9000 	C:\WINDOWS\SYSTEM32\dhcpcsvc6.DLL
0x00007fff01050000 - 0x00007fff0106f000 	C:\WINDOWS\SYSTEM32\dhcpcsvc.DLL
0x00007fff04280000 - 0x00007fff04378000 	C:\WINDOWS\SYSTEM32\DNSAPI.dll
0x00007fff04f20000 - 0x00007fff04f3b000 	C:\WINDOWS\SYSTEM32\CRYPTSP.dll
0x00007fff04720000 - 0x00007fff04757000 	C:\WINDOWS\system32\rsaenh.dll
0x00007fff04db0000 - 0x00007fff04dd8000 	C:\WINDOWS\SYSTEM32\USERENV.dll
0x00007fff04f10000 - 0x00007fff04f1c000 	C:\WINDOWS\SYSTEM32\CRYPTBASE.dll
0x00007ffed0670000 - 0x00007ffed067e000 	C:\Program Files\Java\jdk-17\bin\sunmscapi.dll
0x00007fff06110000 - 0x00007fff06278000 	C:\WINDOWS\System32\CRYPT32.dll
0x00007fff050d0000 - 0x00007fff050fd000 	C:\WINDOWS\SYSTEM32\ncrypt.dll
0x00007fff05090000 - 0x00007fff050c7000 	C:\WINDOWS\SYSTEM32\NTASN1.dll
0x00007ffeb94f0000 - 0x00007ffeb94f8000 	C:\WINDOWS\system32\wshunix.dll
0x00007fff00ca0000 - 0x00007fff00caa000 	C:\Windows\System32\rasadhlp.dll
0x00007fff008e0000 - 0x00007fff00964000 	C:\WINDOWS\System32\fwpuclnt.dll

dbghelp: loaded successfully - version: 4.0.5 - missing functions: none
symbol engine: initialized successfully - sym options: 0x614 - pdb path: .;C:\Program Files\Java\jdk-17\bin;C:\WINDOWS\SYSTEM32;C:\WINDOWS\WinSxS\amd64_microsoft.windows.common-controls_6595b64144ccf1df_6.0.22621.5840_none_2710ea077384a4fe;C:\Program Files\Java\jdk-17\bin\server;C:\Users\ericy\.gradle\native\1def1411415f61bf3af743bc5b6707747c0891f09f0c88961ee8f79bc544acac\windows-amd64;C:\Users\ericy\.gradle\native\0.2.7\x86_64-windows-gnu

VM Arguments:
jvm_args: --add-opens=java.base/java.lang=ALL-UNNAMED --add-opens=java.base/java.lang.invoke=ALL-UNNAMED --add-opens=java.base/java.util=ALL-UNNAMED --add-opens=java.prefs/java.util.prefs=ALL-UNNAMED --add-exports=jdk.compiler/com.sun.tools.javac.api=ALL-UNNAMED --add-exports=jdk.compiler/com.sun.tools.javac.util=ALL-UNNAMED --add-opens=java.base/java.util=ALL-UNNAMED --add-opens=java.prefs/java.util.prefs=ALL-UNNAMED --add-opens=java.base/java.nio.charset=ALL-UNNAMED --add-opens=java.base/java.net=ALL-UNNAMED --add-opens=java.base/java.util.concurrent.atomic=ALL-UNNAMED --add-opens=java.xml/javax.xml.namespace=ALL-UNNAMED -XX:MaxMetaspaceSize=512m -Xmx2048m -Dfile.encoding=windows-1252 -Duser.country=US -Duser.language=en -Duser.variant -javaagent:C:\Users\ericy\.gradle\wrapper\dists\gradle-8.14.1-bin\baw1sv0jfoi8rxs14qo3h49cs\gradle-8.14.1\lib\agents\gradle-instrumentation-agent-8.14.1.jar 
java_command: org.gradle.launcher.daemon.bootstrap.GradleDaemon 8.14.1
java_class_path (initial): C:\Users\ericy\.gradle\wrapper\dists\gradle-8.14.1-bin\baw1sv0jfoi8rxs14qo3h49cs\gradle-8.14.1\lib\gradle-daemon-main-8.14.1.jar
Launcher Type: SUN_STANDARD

[Global flags]
     intx CICompilerCount                          = 4                                         {product} {ergonomic}
   size_t CompressedClassSpaceSize                 = 436207616                                 {product} {ergonomic}
     uint ConcGCThreads                            = 2                                         {product} {ergonomic}
     uint G1ConcRefinementThreads                  = 8                                         {product} {ergonomic}
   size_t G1HeapRegionSize                         = 1048576                                   {product} {ergonomic}
    uintx GCDrainStackTargetSize                   = 64                                        {product} {ergonomic}
   size_t InitialHeapSize                          = 130023424                                 {product} {ergonomic}
   size_t MarkStackSize                            = 4194304                                   {product} {ergonomic}
   size_t MaxHeapSize                              = 2147483648                                {product} {command line}
   size_t MaxMetaspaceSize                         = 536870912                                 {product} {command line}
   size_t MaxNewSize                               = 1287651328                                {product} {ergonomic}
   size_t MinHeapDeltaBytes                        = 1048576                                   {product} {ergonomic}
   size_t MinHeapSize                              = 8388608                                   {product} {ergonomic}
    uintx NonNMethodCodeHeapSize                   = 5839372                                {pd product} {ergonomic}
    uintx NonProfiledCodeHeapSize                  = 122909434                              {pd product} {ergonomic}
    uintx ProfiledCodeHeapSize                     = 122909434                              {pd product} {ergonomic}
    uintx ReservedCodeCacheSize                    = 251658240                              {pd product} {ergonomic}
     bool SegmentedCodeCache                       = true                                      {product} {ergonomic}
   size_t SoftMaxHeapSize                          = 2147483648                             {manageable} {ergonomic}
     bool UseCompressedClassPointers               = true                           {product lp64_product} {ergonomic}
     bool UseCompressedOops                        = true                           {product lp64_product} {ergonomic}
     bool UseG1GC                                  = true                                      {product} {ergonomic}
     bool UseLargePagesIndividualAllocation        = false                                  {pd product} {ergonomic}

Logging:
Log output configuration:
 #0: stdout all=warning uptime,level,tags
 #1: stderr all=off uptime,level,tags

Environment Variables:
JAVA_HOME=C:\Program Files\Java\jdk-17
PATH=C:\Users\ericy\prayOnline\node_modules\.bin;C:\Users\ericy\prayOnline\node_modules\.bin;C:\Users\ericy\node_modules\.bin;C:\Users\node_modules\.bin;C:\node_modules\.bin;C:\Users\ericy\AppData\Roaming\nvm\v20.19.5\node_modules\npm\node_modules\@npmcli\run-script\lib\node-gyp-bin;C:\Program Files\Common Files\Oracle\Java\javapath;C:\Program Files\Eclipse Adoptium\jdk-11.0.16.101-hotspot\bin;C:\WINDOWS\system32;C:\WINDOWS;C:\WINDOWS\System32\Wbem;C:\WINDOWS\System32\WindowsPowerShell\v1.0\;C:\WINDOWS\System32\OpenSSH\;C:\Users\ericy\AppData\Local\Android\Sdk\platform-tools;C:\Program Files\Android\Android Studio\jre\bin;C:\ProgramData\chocolatey\bin;C:\Program Files\OpenSSL-Win64\bin;C:\Program Files\Git\cmd;C:\Program Files\Docker\Docker\resources\bin;C:\Users\ericy\AppData\Roaming\nvm;C:\Program Files\nodejs;C:\Program Files\PuTTY\;C:\Users\ericy\AppData\Local\Android\Sdk\tools;C:\Users\ericy\AppData\Local\Android\Sdk\tools;C:\Users\ericy\AppData\Local\Microsoft\WindowsApps;C:\Users\ericy\AppData\Local\Programs\Microsoft VS Code\bin;C:\Users\ericy\AppData\Roaming\npm;C:\Users\ericy\AppData\Local\Android\Sdk\platform-tools;C:\Program Files\gradle-8.0-bin\gradle-8.0\bin;C:\Users\ericy\AppData\Roaming\nvm;C:\Program Files\nodejs;C:\Users\ericy\AppData\Local\Programs\cursor\resources\app\bin;c:\Users\ericy\AppData\Roaming\Code\User\globalStorage\github.copilot-chat\debugCommand
USERNAME=ericy
LANG=en_US.UTF-8
OS=Windows_NT
PROCESSOR_IDENTIFIER=Intel64 Family 6 Model 140 Stepping 1, GenuineIntel



---------------  S Y S T E M  ---------------

OS:
 Windows 11 , 64 bit Build 22621 (10.0.22621.5415)
OS uptime: 0 days 4:06 hours
Hyper-V role detected

CPU: total 8 (initial active 8) (4 cores per cpu, 2 threads per core) family 6 model 140 stepping 1 microcode 0xbc, cx8, cmov, fxsr, ht, mmx, 3dnowpref, sse, sse2, sse3, ssse3, sse4.1, sse4.2, popcnt, lzcnt, tsc, tscinvbit, avx, avx2, aes, erms, clmul, bmi1, bmi2, adx, avx512f, avx512dq, avx512cd, avx512bw, avx512vl, sha, fma, vzeroupper, avx512_vpopcntdq, avx512_vpclmulqdq, avx512_vaes, avx512_vnni, clflush, clflushopt, clwb, avx512_vbmi2, avx512_vbmi, hv

Memory: 4k page, system-wide physical 7926M (213M free)
TotalPageFile size 12742M (AvailPageFile size 1M)
current process WorkingSet (physical memory assigned to process): 514M, peak: 599M
current process commit charge ("private bytes"): 1044M, peak: 1053M

vm_info: Java HotSpot(TM) 64-Bit Server VM (17.0.11+7-LTS-207) for windows-amd64 JRE (17.0.11+7-LTS-207), built on Mar 11 2024 19:01:50 by "mach5one" with MS VC++ 17.6 (VS2022)

END.
